"Date","Open","High","Low","Close","% Change","% Change vs Average","Volume"
"Mon Sep 02 2024 13:20:00 GMT+0530 (India Standard Time)","51340.45","51346.65","51316.95","51327.20","-0.03","-0.03","0"
"Mon Sep 02 2024 13:25:00 GMT+0530 (India Standard Time)","51327.25","51341.35","51308.15","51335.90","0.02","0.02","0"
"Mon Sep 02 2024 13:30:00 GMT+0530 (India Standard Time)","51329.75","51355.30","51316.90","51322.30","-0.03","-0.03","0"
"Mon Sep 02 2024 13:35:00 GMT+0530 (India Standard Time)","51325.30","51331.85","51308.15","51314.05","-0.02","-0.02","0"
"Mon Sep 02 2024 13:40:00 GMT+0530 (India Standard Time)","51321.25","51330.15","51304.25","51327.40","0.03","0.02","0"
"Mon Sep 02 2024 13:45:00 GMT+0530 (India Standard Time)","51328.25","51367.30","51326.90","51356.70","0.06","0.06","0"
"Mon Sep 02 2024 13:50:00 GMT+0530 (India Standard Time)","51357.70","51373.45","51347.75","51356.15","0","0","0"
"Mon Sep 02 2024 13:55:00 GMT+0530 (India Standard Time)","51357.45","51390.00","51342.35","51362.65","0.01","0.01","0"
"Mon Sep 02 2024 14:00:00 GMT+0530 (India Standard Time)","51365.00","51518.20","51359.75","51493.45","0.25","0.25","0"
"Mon Sep 02 2024 14:05:00 GMT+0530 (India Standard Time)","51486.15","51534.70","51486.15","51530.35","0.07","0.07","0"
"Mon Sep 02 2024 14:10:00 GMT+0530 (India Standard Time)","51529.65","51554.80","51505.55","51509.65","-0.04","-0.04","0"
"Mon Sep 02 2024 14:15:00 GMT+0530 (India Standard Time)","51508.40","51548.10","51507.75","51522.40","0.02","0.02","0"
"Mon Sep 02 2024 14:20:00 GMT+0530 (India Standard Time)","51530.80","51531.40","51454.35","51485.25","-0.07","-0.07","0"
"Mon Sep 02 2024 14:25:00 GMT+0530 (India Standard Time)","51488.70","51493.30","51440.10","51466.35","-0.04","-0.04","0"
"Mon Sep 02 2024 14:30:00 GMT+0530 (India Standard Time)","51464.10","51500.10","51458.60","51496.30","0.06","0.06","0"
"Mon Sep 02 2024 14:35:00 GMT+0530 (India Standard Time)","51493.55","51538.90","51483.75","51526.00","0.06","0.06","0"
"Mon Sep 02 2024 14:40:00 GMT+0530 (India Standard Time)","51524.90","51535.10","51493.15","51493.50","-0.06","-0.06","0"
"Mon Sep 02 2024 14:45:00 GMT+0530 (India Standard Time)","51496.00","51521.95","51474.25","51512.70","0.04","0.04","0"
"Mon Sep 02 2024 14:50:00 GMT+0530 (India Standard Time)","51512.30","51517.65","51449.05","51453.95","-0.11","-0.12","0"
"Mon Sep 02 2024 14:55:00 GMT+0530 (India Standard Time)","51453.90","51474.50","51437.85","51467.20","0.03","0.02","0"
"Mon Sep 02 2024 15:00:00 GMT+0530 (India Standard Time)","51468.50","51491.85","51426.05","51436.65","-0.06","-0.06","0"
"Mon Sep 02 2024 15:05:00 GMT+0530 (India Standard Time)","51435.15","51464.95","51406.75","51460.95","0.05","0.05","0"
"Mon Sep 02 2024 15:10:00 GMT+0530 (India Standard Time)","51462.80","51465.40","51429.15","51443.25","-0.03","-0.04","0"
"Mon Sep 02 2024 15:15:00 GMT+0530 (India Standard Time)","51441.65","51457.30","51430.20","51443.55","0","0","0"
"Mon Sep 02 2024 15:20:00 GMT+0530 (India Standard Time)","51448.30","51451.40","51415.25","51423.75","-0.04","-0.04","0"
"Mon Sep 02 2024 15:25:00 GMT+0530 (India Standard Time)","51423.05","51446.45","51380.15","51431.80","0.02","0.01","0"
"Tue Sep 03 2024 09:15:00 GMT+0530 (India Standard Time)","51479.75","51501.30","51349.60","51408.80","-0.04","-0.05","0"
"Tue Sep 03 2024 09:20:00 GMT+0530 (India Standard Time)","51410.75","51467.90","51381.25","51387.45","-0.04","-0.04","0"
"Tue Sep 03 2024 09:25:00 GMT+0530 (India Standard Time)","51392.30","51436.50","51384.00","51425.85","0.07","0.07","0"
"Tue Sep 03 2024 09:30:00 GMT+0530 (India Standard Time)","51425.45","51461.85","51418.65","51430.40","0.01","0.01","0"
"Tue Sep 03 2024 09:35:00 GMT+0530 (India Standard Time)","51430.25","51448.30","51375.50","51392.95","-0.07","-0.07","0"
"Tue Sep 03 2024 09:40:00 GMT+0530 (India Standard Time)","51393.50","51415.00","51385.75","51388.80","-0.01","-0.01","0"
"Tue Sep 03 2024 09:45:00 GMT+0530 (India Standard Time)","51388.55","51394.65","51360.95","51369.65","-0.04","-0.04","0"
"Tue Sep 03 2024 09:50:00 GMT+0530 (India Standard Time)","51371.15","51388.40","51359.10","51371.85","0","0","0"
"Tue Sep 03 2024 09:55:00 GMT+0530 (India Standard Time)","51370.65","51454.80","51305.15","51399.30","0.05","0.05","0"
"Tue Sep 03 2024 10:00:00 GMT+0530 (India Standard Time)","51399.25","51399.25","51364.70","51368.80","-0.06","-0.06","0"
"Tue Sep 03 2024 10:05:00 GMT+0530 (India Standard Time)","51366.80","51405.25","51365.80","51401.45","0.06","0.06","0"
"Tue Sep 03 2024 10:10:00 GMT+0530 (India Standard Time)","51401.00","51423.85","51395.15","51413.15","0.02","0.02","0"
"Tue Sep 03 2024 10:15:00 GMT+0530 (India Standard Time)","51412.85","51436.75","51407.70","51418.45","0.01","0.01","0"
"Tue Sep 03 2024 10:20:00 GMT+0530 (India Standard Time)","51415.65","51423.30","51389.25","51391.30","-0.05","-0.05","0"
"Tue Sep 03 2024 10:25:00 GMT+0530 (India Standard Time)","51392.60","51395.35","51338.35","51363.20","-0.05","-0.06","0"
"Tue Sep 03 2024 10:30:00 GMT+0530 (India Standard Time)","51363.15","51375.55","51346.50","51366.55","0.01","0","0"
"Tue Sep 03 2024 10:35:00 GMT+0530 (India Standard Time)","51367.95","51397.35","51365.00","51389.70","0.05","0.04","0"
"Tue Sep 03 2024 10:40:00 GMT+0530 (India Standard Time)","51388.80","51432.55","51386.25","51421.20","0.06","0.06","0"
"Tue Sep 03 2024 10:45:00 GMT+0530 (India Standard Time)","51416.65","51429.25","51397.35","51421.40","0","0","0"
"Tue Sep 03 2024 10:50:00 GMT+0530 (India Standard Time)","51420.75","51432.05","51385.90","51394.25","-0.05","-0.05","0"
"Tue Sep 03 2024 10:55:00 GMT+0530 (India Standard Time)","51390.90","51405.55","51377.45","51382.05","-0.02","-0.03","0"
"Tue Sep 03 2024 11:00:00 GMT+0530 (India Standard Time)","51382.85","51391.70","51366.95","51380.90","0","0","0"
"Tue Sep 03 2024 11:05:00 GMT+0530 (India Standard Time)","51381.40","51389.60","51355.20","51380.35","0","0","0"
"Tue Sep 03 2024 11:10:00 GMT+0530 (India Standard Time)","51379.90","51405.10","51288.40","51288.40","-0.18","-0.18","0"
"Tue Sep 03 2024 11:15:00 GMT+0530 (India Standard Time)","51294.45","51356.55","51240.05","51351.15","0.12","0.12","0"
"Tue Sep 03 2024 11:20:00 GMT+0530 (India Standard Time)","51354.10","51374.25","51342.20","51350.50","0","0","0"
"Tue Sep 03 2024 11:25:00 GMT+0530 (India Standard Time)","51350.55","51366.85","51333.50","51349.10","0","0","0"
"Tue Sep 03 2024 11:30:00 GMT+0530 (India Standard Time)","51350.25","51367.45","51338.95","51362.40","0.03","0.02","0"
"Tue Sep 03 2024 11:35:00 GMT+0530 (India Standard Time)","51362.55","51395.90","51362.55","51371.15","0.02","0.02","0"
"Tue Sep 03 2024 11:40:00 GMT+0530 (India Standard Time)","51369.95","51373.85","51349.60","51350.30","-0.04","-0.04","0"
"Tue Sep 03 2024 11:45:00 GMT+0530 (India Standard Time)","51350.30","51373.50","51338.80","51352.05","0","0","0"
"Tue Sep 03 2024 11:50:00 GMT+0530 (India Standard Time)","51356.05","51361.25","51318.55","51329.10","-0.04","-0.05","0"
"Tue Sep 03 2024 11:55:00 GMT+0530 (India Standard Time)","51328.15","51337.95","51315.60","51324.05","-0.01","-0.01","0"
"Tue Sep 03 2024 12:00:00 GMT+0530 (India Standard Time)","51326.25","51369.90","51312.45","51364.35","0.08","0.08","0"
"Tue Sep 03 2024 12:05:00 GMT+0530 (India Standard Time)","51362.15","51400.10","51355.05","51392.70","0.06","0.05","0"
"Tue Sep 03 2024 12:10:00 GMT+0530 (India Standard Time)","51392.70","51404.45","51364.60","51373.25","-0.04","-0.04","0"
"Tue Sep 03 2024 12:15:00 GMT+0530 (India Standard Time)","51373.30","51394.85","51372.05","51388.30","0.03","0.03","0"
"Tue Sep 03 2024 12:20:00 GMT+0530 (India Standard Time)","51388.85","51407.30","51372.40","51379.85","-0.02","-0.02","0"
"Tue Sep 03 2024 12:25:00 GMT+0530 (India Standard Time)","51379.85","51384.10","51335.55","51366.65","-0.03","-0.03","0"
"Tue Sep 03 2024 12:30:00 GMT+0530 (India Standard Time)","51362.10","51378.95","51336.60","51338.90","-0.05","-0.06","0"
"Tue Sep 03 2024 12:35:00 GMT+0530 (India Standard Time)","51341.05","51372.25","51330.90","51363.25","0.05","0.05","0"
"Tue Sep 03 2024 12:40:00 GMT+0530 (India Standard Time)","51363.90","51375.85","51353.55","51357.95","-0.01","-0.01","0"
"Tue Sep 03 2024 12:45:00 GMT+0530 (India Standard Time)","51358.55","51376.95","51347.30","51362.50","0.01","0.01","0"
"Tue Sep 03 2024 12:50:00 GMT+0530 (India Standard Time)","51359.35","51372.60","51319.70","51350.25","-0.02","-0.03","0"
"Tue Sep 03 2024 12:55:00 GMT+0530 (India Standard Time)","51347.75","51366.65","51342.55","51353.50","0.01","0","0"
"Tue Sep 03 2024 13:00:00 GMT+0530 (India Standard Time)","51355.15","51377.90","51335.80","51348.45","-0.01","-0.01","0"
"Tue Sep 03 2024 13:05:00 GMT+0530 (India Standard Time)","51353.35","51353.35","51320.65","51340.55","-0.02","-0.02","0"
"Tue Sep 03 2024 13:10:00 GMT+0530 (India Standard Time)","51344.90","51378.00","51336.90","51372.55","0.06","0.06","0"
"Tue Sep 03 2024 13:15:00 GMT+0530 (India Standard Time)","51375.15","51383.75","51363.35","51369.85","-0.01","-0.01","0"
"Tue Sep 03 2024 13:20:00 GMT+0530 (India Standard Time)","51370.85","51403.65","51365.35","51398.85","0.06","0.05","0"
"Tue Sep 03 2024 13:25:00 GMT+0530 (India Standard Time)","51405.30","51419.75","51366.70","51379.20","-0.04","-0.04","0"
"Tue Sep 03 2024 13:30:00 GMT+0530 (India Standard Time)","51381.65","51393.95","51367.40","51381.30","0","0","0"
"Tue Sep 03 2024 13:35:00 GMT+0530 (India Standard Time)","51382.30","51402.45","51373.25","51388.65","0.01","0.01","0"
"Tue Sep 03 2024 13:40:00 GMT+0530 (India Standard Time)","51386.60","51393.80","51367.10","51373.50","-0.03","-0.03","0"
"Tue Sep 03 2024 13:45:00 GMT+0530 (India Standard Time)","51377.65","51420.25","51371.70","51401.50","0.05","0.05","0"
"Tue Sep 03 2024 13:50:00 GMT+0530 (India Standard Time)","51402.25","51418.25","51365.50","51366.75","-0.07","-0.07","0"
"Tue Sep 03 2024 13:55:00 GMT+0530 (India Standard Time)","51368.45","51386.60","51293.80","51358.65","-0.02","-0.02","0"
"Tue Sep 03 2024 14:00:00 GMT+0530 (India Standard Time)","51356.05","51373.35","51334.35","51361.80","0.01","0","0"
"Tue Sep 03 2024 14:05:00 GMT+0530 (India Standard Time)","51358.65","51388.60","51341.10","51376.25","0.03","0.03","0"
"Tue Sep 03 2024 14:10:00 GMT+0530 (India Standard Time)","51375.05","51421.00","51363.70","51397.35","0.04","0.04","0"
"Tue Sep 03 2024 14:15:00 GMT+0530 (India Standard Time)","51393.85","51399.00","51363.45","51369.75","-0.05","-0.06","0"
"Tue Sep 03 2024 14:20:00 GMT+0530 (India Standard Time)","51369.45","51394.40","51354.20","51388.05","0.04","0.03","0"
"Tue Sep 03 2024 14:25:00 GMT+0530 (India Standard Time)","51386.45","51419.05","51378.20","51397.05","0.02","0.02","0"
"Tue Sep 03 2024 14:30:00 GMT+0530 (India Standard Time)","51396.70","51469.25","51395.15","51446.35","0.10","0.09","0"
"Tue Sep 03 2024 14:35:00 GMT+0530 (India Standard Time)","51447.60","51510.25","51444.05","51486.25","0.08","0.08","0"
"Tue Sep 03 2024 14:40:00 GMT+0530 (India Standard Time)","51485.60","51510.95","51468.25","51508.05","0.04","0.04","0"
"Tue Sep 03 2024 14:45:00 GMT+0530 (India Standard Time)","51506.10","51544.15","51505.25","51540.50","0.06","0.06","0"
"Tue Sep 03 2024 14:50:00 GMT+0530 (India Standard Time)","51538.50","51563.20","51510.75","51552.95","0.02","0.02","0"
"Tue Sep 03 2024 14:55:00 GMT+0530 (India Standard Time)","51554.10","51603.80","51550.40","51585.85","0.06","0.06","0"
"Tue Sep 03 2024 15:00:00 GMT+0530 (India Standard Time)","51586.80","51652.65","51579.40","51648.75","0.12","0.12","0"
"Tue Sep 03 2024 15:05:00 GMT+0530 (India Standard Time)","51645.55","51734.70","51644.50","51701.50","0.10","0.10","0"
"Tue Sep 03 2024 15:10:00 GMT+0530 (India Standard Time)","51693.70","51750.10","51693.70","51726.25","0.05","0.05","0"
"Tue Sep 03 2024 15:15:00 GMT+0530 (India Standard Time)","51725.90","51730.00","51688.20","51697.40","-0.06","-0.06","0"
"Tue Sep 03 2024 15:20:00 GMT+0530 (India Standard Time)","51695.85","51733.15","51682.40","51714.80","0.03","0.03","0"
"Tue Sep 03 2024 15:25:00 GMT+0530 (India Standard Time)","51717.25","51720.70","51664.55","51690.05","-0.05","-0.05","0"
"Wed Sep 04 2024 09:15:00 GMT+0530 (India Standard Time)","51364.65","51503.55","51316.40","51366.80","-0.63","-0.63","0"
"Wed Sep 04 2024 09:20:00 GMT+0530 (India Standard Time)","51357.85","51366.15","51312.15","51337.25","-0.06","-0.06","0"
"Wed Sep 04 2024 09:25:00 GMT+0530 (India Standard Time)","51335.25","51350.25","51303.65","51325.10","-0.02","-0.03","0"
"Wed Sep 04 2024 09:30:00 GMT+0530 (India Standard Time)","51325.15","51351.35","51311.90","51319.50","-0.01","-0.01","0"
"Wed Sep 04 2024 09:35:00 GMT+0530 (India Standard Time)","51319.35","51327.80","51283.25","51308.15","-0.02","-0.02","0"
"Wed Sep 04 2024 09:40:00 GMT+0530 (India Standard Time)","51308.30","51315.50","51263.30","51268.70","-0.08","-0.08","0"
"Wed Sep 04 2024 09:45:00 GMT+0530 (India Standard Time)","51268.65","51336.45","51259.90","51329.75","0.12","0.12","0"
"Wed Sep 04 2024 09:50:00 GMT+0530 (India Standard Time)","51327.75","51355.75","51317.25","51331.45","0","0","0"
"Wed Sep 04 2024 09:55:00 GMT+0530 (India Standard Time)","51335.65","51362.15","51308.10","51319.35","-0.02","-0.03","0"
"Wed Sep 04 2024 10:00:00 GMT+0530 (India Standard Time)","51321.05","51345.60","51304.60","51344.25","0.05","0.05","0"
"Wed Sep 04 2024 10:05:00 GMT+0530 (India Standard Time)","51347.10","51352.70","51322.45","51340.55","-0.01","-0.01","0"
"Wed Sep 04 2024 10:10:00 GMT+0530 (India Standard Time)","51338.90","51384.35","51338.90","51371.05","0.06","0.06","0"
"Wed Sep 04 2024 10:15:00 GMT+0530 (India Standard Time)","51370.05","51382.40","51344.20","51362.85","-0.02","-0.02","0"
"Wed Sep 04 2024 10:20:00 GMT+0530 (India Standard Time)","51360.35","51383.65","51353.95","51363.45","0","0","0"
"Wed Sep 04 2024 10:25:00 GMT+0530 (India Standard Time)","51361.65","51377.75","51348.90","51356.80","-0.01","-0.01","0"
"Wed Sep 04 2024 10:30:00 GMT+0530 (India Standard Time)","51357.95","51361.80","51316.40","51325.55","-0.06","-0.06","0"
"Wed Sep 04 2024 10:35:00 GMT+0530 (India Standard Time)","51326.05","51349.35","51320.90","51343.75","0.04","0.03","0"
"Wed Sep 04 2024 10:40:00 GMT+0530 (India Standard Time)","51345.80","51358.80","51340.25","51344.15","0","0","0"
"Wed Sep 04 2024 10:45:00 GMT+0530 (India Standard Time)","51344.15","51366.90","51341.15","51362.85","0.04","0.03","0"
"Wed Sep 04 2024 10:50:00 GMT+0530 (India Standard Time)","51362.45","51365.60","51350.75","51356.80","-0.01","-0.01","0"
"Wed Sep 04 2024 10:55:00 GMT+0530 (India Standard Time)","51357.70","51443.65","51357.25","51418.55","0.12","0.12","0"
"Wed Sep 04 2024 11:00:00 GMT+0530 (India Standard Time)","51418.35","51422.60","51386.15","51419.50","0","0","0"
"Wed Sep 04 2024 11:05:00 GMT+0530 (India Standard Time)","51420.65","51433.30","51396.65","51409.55","-0.02","-0.02","0"
"Wed Sep 04 2024 11:10:00 GMT+0530 (India Standard Time)","51409.85","51424.50","51404.35","51408.85","0","0","0"
"Wed Sep 04 2024 11:15:00 GMT+0530 (India Standard Time)","51411.50","51411.50","51377.95","51385.90","-0.04","-0.05","0"
"Wed Sep 04 2024 11:20:00 GMT+0530 (India Standard Time)","51387.85","51405.80","51375.40","51401.60","0.03","0.03","0"
"Wed Sep 04 2024 11:25:00 GMT+0530 (India Standard Time)","51404.20","51419.70","51395.50","51397.70","-0.01","-0.01","0"
"Wed Sep 04 2024 11:30:00 GMT+0530 (India Standard Time)","51397.75","51411.25","51384.75","51406.80","0.02","0.02","0"
"Wed Sep 04 2024 11:35:00 GMT+0530 (India Standard Time)","51406.75","51413.55","51394.35","51400.25","-0.01","-0.01","0"
"Wed Sep 04 2024 11:40:00 GMT+0530 (India Standard Time)","51399.30","51422.10","51397.00","51405.95","0.01","0.01","0"
"Wed Sep 04 2024 11:45:00 GMT+0530 (India Standard Time)","51407.40","51421.25","51400.25","51406.35","0","0","0"
"Wed Sep 04 2024 11:50:00 GMT+0530 (India Standard Time)","51406.05","51412.05","51394.75","51397.10","-0.02","-0.02","0"
"Wed Sep 04 2024 11:55:00 GMT+0530 (India Standard Time)","51398.30","51415.90","51394.15","51412.15","0.03","0.03","0"
"Wed Sep 04 2024 12:00:00 GMT+0530 (India Standard Time)","51411.75","51423.95","51402.20","51407.30","-0.01","-0.01","0"
"Wed Sep 04 2024 12:05:00 GMT+0530 (India Standard Time)","51409.80","51437.50","51406.20","51430.60","0.05","0.04","0"
"Wed Sep 04 2024 12:10:00 GMT+0530 (India Standard Time)","51429.95","51437.50","51417.15","51420.85","-0.02","-0.02","0"
"Wed Sep 04 2024 12:15:00 GMT+0530 (India Standard Time)","51419.45","51434.05","51411.85","51430.70","0.02","0.02","0"
"Wed Sep 04 2024 12:20:00 GMT+0530 (India Standard Time)","51430.45","51450.80","51415.85","51419.60","-0.02","-0.02","0"
"Wed Sep 04 2024 12:25:00 GMT+0530 (India Standard Time)","51420.20","51436.45","51413.50","51423.85","0.01","0.01","0"
"Wed Sep 04 2024 12:30:00 GMT+0530 (India Standard Time)","51423.50","51431.05","51400.75","51417.30","-0.01","-0.01","0"
"Wed Sep 04 2024 12:35:00 GMT+0530 (India Standard Time)","51416.55","51436.75","51416.55","51431.80","0.03","0.03","0"
"Wed Sep 04 2024 12:40:00 GMT+0530 (India Standard Time)","51424.55","51435.85","51419.10","51422.30","-0.02","-0.02","0"
"Wed Sep 04 2024 12:45:00 GMT+0530 (India Standard Time)","51419.75","51434.65","51417.45","51426.50","0.01","0.01","0"
"Wed Sep 04 2024 12:50:00 GMT+0530 (India Standard Time)","51422.95","51428.90","51402.35","51411.55","-0.03","-0.03","0"
"Wed Sep 04 2024 12:55:00 GMT+0530 (India Standard Time)","51401.95","51416.70","51401.65","51403.95","-0.01","-0.02","0"
"Wed Sep 04 2024 13:00:00 GMT+0530 (India Standard Time)","51401.40","51411.25","51393.45","51408.10","0.01","0.01","0"
"Wed Sep 04 2024 13:05:00 GMT+0530 (India Standard Time)","51407.50","51424.60","51399.70","51403.40","-0.01","-0.01","0"
"Wed Sep 04 2024 13:10:00 GMT+0530 (India Standard Time)","51403.85","51433.00","51403.85","51424.25","0.04","0.04","0"
"Wed Sep 04 2024 13:15:00 GMT+0530 (India Standard Time)","51424.00","51459.90","51420.25","51448.85","0.05","0.05","0"
"Wed Sep 04 2024 13:20:00 GMT+0530 (India Standard Time)","51447.55","51451.65","51420.00","51429.10","-0.04","-0.04","0"
"Wed Sep 04 2024 13:25:00 GMT+0530 (India Standard Time)","51429.60","51443.15","51421.00","51427.85","0","0","0"
"Wed Sep 04 2024 13:30:00 GMT+0530 (India Standard Time)","51427.90","51457.80","51427.40","51435.45","0.01","0.01","0"
"Wed Sep 04 2024 13:35:00 GMT+0530 (India Standard Time)","51439.05","51444.75","51418.15","51427.15","-0.02","-0.02","0"
"Wed Sep 04 2024 13:40:00 GMT+0530 (India Standard Time)","51426.75","51428.85","51395.65","51405.00","-0.04","-0.04","0"
"Wed Sep 04 2024 13:45:00 GMT+0530 (India Standard Time)","51405.65","51420.65","51399.80","51416.50","0.02","0.02","0"
"Wed Sep 04 2024 13:50:00 GMT+0530 (India Standard Time)","51417.60","51428.10","51406.65","51415.15","0","0","0"
"Wed Sep 04 2024 13:55:00 GMT+0530 (India Standard Time)","51416.90","51428.05","51410.60","51420.75","0.01","0.01","0"
"Wed Sep 04 2024 14:00:00 GMT+0530 (India Standard Time)","51425.75","51435.65","51420.10","51427.05","0.01","0.01","0"
"Wed Sep 04 2024 14:05:00 GMT+0530 (India Standard Time)","51429.80","51435.10","51410.65","51431.65","0.01","0.01","0"
"Wed Sep 04 2024 14:10:00 GMT+0530 (India Standard Time)","51431.70","51442.10","51405.75","51409.95","-0.04","-0.04","0"
"Wed Sep 04 2024 14:15:00 GMT+0530 (India Standard Time)","51408.70","51426.90","51384.20","51384.20","-0.05","-0.05","0"
"Wed Sep 04 2024 14:20:00 GMT+0530 (India Standard Time)","51384.65","51430.70","51383.30","51417.45","0.06","0.06","0"
"Wed Sep 04 2024 14:25:00 GMT+0530 (India Standard Time)","51416.35","51422.40","51407.20","51407.20","-0.02","-0.02","0"
"Wed Sep 04 2024 14:30:00 GMT+0530 (India Standard Time)","51407.60","51414.80","51392.85","51405.00","0","-0.01","0"
"Wed Sep 04 2024 14:35:00 GMT+0530 (India Standard Time)","51404.65","51444.10","51404.10","51429.45","0.05","0.05","0"
"Wed Sep 04 2024 14:40:00 GMT+0530 (India Standard Time)","51429.25","51461.00","51423.55","51438.70","0.02","0.02","0"
"Wed Sep 04 2024 14:45:00 GMT+0530 (India Standard Time)","51439.80","51444.80","51413.65","51421.60","-0.03","-0.03","0"
"Wed Sep 04 2024 14:50:00 GMT+0530 (India Standard Time)","51421.20","51428.20","51395.95","51404.10","-0.03","-0.04","0"
"Wed Sep 04 2024 14:55:00 GMT+0530 (India Standard Time)","51404.95","51408.20","51372.95","51388.80","-0.03","-0.03","0"
"Wed Sep 04 2024 15:00:00 GMT+0530 (India Standard Time)","51392.10","51423.45","51378.85","51383.80","-0.01","-0.01","0"
"Wed Sep 04 2024 15:05:00 GMT+0530 (India Standard Time)","51386.95","51407.75","51343.35","51357.70","-0.05","-0.05","0"
"Wed Sep 04 2024 15:10:00 GMT+0530 (India Standard Time)","51359.15","51426.20","51356.80","51414.60","0.11","0.11","0"
"Wed Sep 04 2024 15:15:00 GMT+0530 (India Standard Time)","51413.25","51431.00","51382.65","51409.20","-0.01","-0.01","0"
"Wed Sep 04 2024 15:20:00 GMT+0530 (India Standard Time)","51408.80","51420.20","51401.80","51416.40","0.01","0.01","0"
"Wed Sep 04 2024 15:25:00 GMT+0530 (India Standard Time)","51416.70","51426.40","51373.00","51390.60","-0.05","-0.05","0"
"Thu Sep 05 2024 09:15:00 GMT+0530 (India Standard Time)","51544.25","51636.75","51473.25","51568.85","0.35","0.35","0"
"Thu Sep 05 2024 09:20:00 GMT+0530 (India Standard Time)","51567.85","51592.90","51514.70","51541.75","-0.05","-0.05","0"
"Thu Sep 05 2024 09:25:00 GMT+0530 (India Standard Time)","51541.75","51554.95","51517.25","51527.05","-0.03","-0.03","0"
"Thu Sep 05 2024 09:30:00 GMT+0530 (India Standard Time)","51526.30","51539.30","51491.60","51496.55","-0.06","-0.06","0"
"Thu Sep 05 2024 09:35:00 GMT+0530 (India Standard Time)","51493.35","51493.70","51466.95","51479.85","-0.03","-0.03","0"
"Thu Sep 05 2024 09:40:00 GMT+0530 (India Standard Time)","51478.10","51478.45","51433.70","51461.85","-0.03","-0.04","0"
"Thu Sep 05 2024 09:45:00 GMT+0530 (India Standard Time)","51460.85","51508.80","51458.45","51475.35","0.03","0.02","0"
"Thu Sep 05 2024 09:50:00 GMT+0530 (India Standard Time)","51475.80","51497.05","51472.85","51493.30","0.03","0.03","0"
"Thu Sep 05 2024 09:55:00 GMT+0530 (India Standard Time)","51493.45","51526.10","51448.05","51469.75","-0.05","-0.05","0"
"Thu Sep 05 2024 10:00:00 GMT+0530 (India Standard Time)","51466.25","51484.20","51452.55","51457.35","-0.02","-0.03","0"
"Thu Sep 05 2024 10:05:00 GMT+0530 (India Standard Time)","51458.45","51490.50","51451.70","51472.45","0.03","0.03","0"
"Thu Sep 05 2024 10:10:00 GMT+0530 (India Standard Time)","51471.40","51484.80","51447.75","51480.90","0.02","0.01","0"
"Thu Sep 05 2024 10:15:00 GMT+0530 (India Standard Time)","51480.50","51493.55","51463.35","51470.95","-0.02","-0.02","0"
"Thu Sep 05 2024 10:20:00 GMT+0530 (India Standard Time)","51471.30","51477.80","51442.80","51443.70","-0.05","-0.05","0"
"Thu Sep 05 2024 10:25:00 GMT+0530 (India Standard Time)","51443.65","51464.60","51425.10","51425.10","-0.04","-0.04","0"
"Thu Sep 05 2024 10:30:00 GMT+0530 (India Standard Time)","51427.40","51445.80","51399.00","51407.15","-0.03","-0.04","0"
"Thu Sep 05 2024 10:35:00 GMT+0530 (India Standard Time)","51407.45","51427.05","51389.15","51409.75","0.01","0","0"
"Thu Sep 05 2024 10:40:00 GMT+0530 (India Standard Time)","51408.85","51438.55","51402.65","51435.10","0.05","0.05","0"
"Thu Sep 05 2024 10:45:00 GMT+0530 (India Standard Time)","51430.55","51477.25","51424.25","51477.25","0.08","0.08","0"
"Thu Sep 05 2024 10:50:00 GMT+0530 (India Standard Time)","51477.20","51485.10","51455.05","51462.40","-0.03","-0.03","0"
"Thu Sep 05 2024 10:55:00 GMT+0530 (India Standard Time)","51463.00","51482.10","51443.75","51465.65","0.01","0","0"
"Thu Sep 05 2024 11:00:00 GMT+0530 (India Standard Time)","51464.25","51469.35","51443.00","51457.70","-0.02","-0.02","0"
"Thu Sep 05 2024 11:05:00 GMT+0530 (India Standard Time)","51456.70","51481.55","51443.60","51476.80","0.04","0.04","0"
"Thu Sep 05 2024 11:10:00 GMT+0530 (India Standard Time)","51477.10","51485.85","51462.15","51471.75","-0.01","-0.01","0"
"Thu Sep 05 2024 11:15:00 GMT+0530 (India Standard Time)","51472.05","51474.55","51449.00","51469.70","0","-0.01","0"
"Thu Sep 05 2024 11:20:00 GMT+0530 (India Standard Time)","51471.20","51473.50","51439.25","51449.65","-0.04","-0.04","0"
"Thu Sep 05 2024 11:25:00 GMT+0530 (India Standard Time)","51453.85","51453.85","51429.35","51439.35","-0.02","-0.02","0"
"Thu Sep 05 2024 11:30:00 GMT+0530 (India Standard Time)","51435.10","51459.50","51430.70","51454.80","0.03","0.03","0"
"Thu Sep 05 2024 11:35:00 GMT+0530 (India Standard Time)","51454.55","51477.85","51448.05","51464.80","0.02","0.02","0"
"Thu Sep 05 2024 11:40:00 GMT+0530 (India Standard Time)","51464.90","51475.95","51446.35","51450.55","-0.03","-0.03","0"
"Thu Sep 05 2024 11:45:00 GMT+0530 (India Standard Time)","51450.80","51463.35","51429.60","51437.45","-0.03","-0.03","0"
"Thu Sep 05 2024 11:50:00 GMT+0530 (India Standard Time)","51437.10","51455.45","51421.50","51437.70","0","0","0"
"Thu Sep 05 2024 11:55:00 GMT+0530 (India Standard Time)","51434.85","51447.10","51427.70","51435.95","0","0","0"
"Thu Sep 05 2024 12:00:00 GMT+0530 (India Standard Time)","51435.10","51470.40","51433.45","51467.10","0.06","0.06","0"
"Thu Sep 05 2024 12:05:00 GMT+0530 (India Standard Time)","51467.65","51468.10","51447.35","51453.25","-0.03","-0.03","0"
"Thu Sep 05 2024 12:10:00 GMT+0530 (India Standard Time)","51456.65","51467.80","51441.60","51463.35","0.02","0.02","0"
"Thu Sep 05 2024 12:15:00 GMT+0530 (India Standard Time)","51464.50","51471.55","51450.00","51453.50","-0.02","-0.02","0"
"Thu Sep 05 2024 12:20:00 GMT+0530 (India Standard Time)","51452.80","51461.40","51441.75","51449.10","-0.01","-0.01","0"
"Thu Sep 05 2024 12:25:00 GMT+0530 (India Standard Time)","51449.85","51473.40","51441.65","51459.50","0.02","0.02","0"
"Thu Sep 05 2024 12:30:00 GMT+0530 (India Standard Time)","51458.45","51465.05","51433.00","51443.10","-0.03","-0.03","0"
"Thu Sep 05 2024 12:35:00 GMT+0530 (India Standard Time)","51442.70","51459.85","51437.20","51456.10","0.03","0.02","0"
"Thu Sep 05 2024 12:40:00 GMT+0530 (India Standard Time)","51455.60","51478.25","51449.40","51469.35","0.03","0.02","0"
"Thu Sep 05 2024 12:45:00 GMT+0530 (India Standard Time)","51470.55","51480.75","51457.30","51477.00","0.01","0.01","0"
"Thu Sep 05 2024 12:50:00 GMT+0530 (India Standard Time)","51475.10","51508.20","51463.15","51489.80","0.02","0.02","0"
"Thu Sep 05 2024 12:55:00 GMT+0530 (India Standard Time)","51489.45","51512.95","51472.95","51479.50","-0.02","-0.02","0"
"Thu Sep 05 2024 13:00:00 GMT+0530 (India Standard Time)","51475.25","51495.95","51467.30","51481.55","0","0","0"
"Thu Sep 05 2024 13:05:00 GMT+0530 (India Standard Time)","51479.95","51490.30","51466.10","51469.85","-0.02","-0.02","0"
"Thu Sep 05 2024 13:10:00 GMT+0530 (India Standard Time)","51468.40","51477.15","51444.25","51454.50","-0.03","-0.03","0"
"Thu Sep 05 2024 13:15:00 GMT+0530 (India Standard Time)","51452.65","51462.55","51445.55","51454.10","0","0","0"
"Thu Sep 05 2024 13:20:00 GMT+0530 (India Standard Time)","51454.35","51454.35","51435.70","51442.55","-0.02","-0.02","0"
"Thu Sep 05 2024 13:25:00 GMT+0530 (India Standard Time)","51443.35","51458.65","51425.95","51453.10","0.02","0.02","0"
"Thu Sep 05 2024 13:30:00 GMT+0530 (India Standard Time)","51452.80","51461.25","51444.95","51445.45","-0.01","-0.02","0"
"Thu Sep 05 2024 13:35:00 GMT+0530 (India Standard Time)","51446.15","51454.90","51434.40","51450.00","0.01","0.01","0"
"Thu Sep 05 2024 13:40:00 GMT+0530 (India Standard Time)","51449.50","51463.25","51439.25","51452.60","0.01","0","0"
"Thu Sep 05 2024 13:45:00 GMT+0530 (India Standard Time)","51452.80","51459.15","51443.05","51454.35","0","0","0"
"Thu Sep 05 2024 13:50:00 GMT+0530 (India Standard Time)","51455.50","51455.50","51430.25","51447.05","-0.01","-0.02","0"
"Thu Sep 05 2024 13:55:00 GMT+0530 (India Standard Time)","51448.55","51469.65","51445.45","51463.15","0.03","0.03","0"
"Thu Sep 05 2024 14:00:00 GMT+0530 (India Standard Time)","51465.00","51471.00","51450.15","51460.95","0","-0.01","0"
"Thu Sep 05 2024 14:05:00 GMT+0530 (India Standard Time)","51462.20","51472.50","51452.70","51456.95","-0.01","-0.01","0"
"Thu Sep 05 2024 14:10:00 GMT+0530 (India Standard Time)","51456.85","51473.30","51456.05","51465.05","0.02","0.01","0"
"Thu Sep 05 2024 14:15:00 GMT+0530 (India Standard Time)","51466.30","51471.90","51452.35","51459.25","-0.01","-0.01","0"
"Thu Sep 05 2024 14:20:00 GMT+0530 (India Standard Time)","51455.25","51459.20","51417.80","51441.65","-0.03","-0.04","0"
"Thu Sep 05 2024 14:25:00 GMT+0530 (India Standard Time)","51439.90","51453.55","51428.25","51430.25","-0.02","-0.02","0"
"Thu Sep 05 2024 14:30:00 GMT+0530 (India Standard Time)","51431.05","51467.75","51424.65","51458.45","0.05","0.05","0"
"Thu Sep 05 2024 14:35:00 GMT+0530 (India Standard Time)","51456.35","51487.45","51446.40","51448.55","-0.02","-0.02","0"
"Thu Sep 05 2024 14:40:00 GMT+0530 (India Standard Time)","51451.65","51459.25","51412.05","51412.05","-0.07","-0.07","0"
"Thu Sep 05 2024 14:45:00 GMT+0530 (India Standard Time)","51411.65","51436.20","51410.00","51411.65","0","0","0"
"Thu Sep 05 2024 14:50:00 GMT+0530 (India Standard Time)","51411.45","51428.50","51405.90","51425.85","0.03","0.03","0"
"Thu Sep 05 2024 14:55:00 GMT+0530 (India Standard Time)","51423.80","51446.10","51418.55","51431.30","0.01","0.01","0"
"Thu Sep 05 2024 15:00:00 GMT+0530 (India Standard Time)","51428.85","51490.25","51428.35","51487.60","0.11","0.11","0"
"Thu Sep 05 2024 15:05:00 GMT+0530 (India Standard Time)","51488.55","51506.20","51449.00","51506.20","0.04","0.03","0"
"Thu Sep 05 2024 15:10:00 GMT+0530 (India Standard Time)","51501.65","51503.65","51465.95","51491.60","-0.03","-0.03","0"
"Thu Sep 05 2024 15:15:00 GMT+0530 (India Standard Time)","51490.60","51497.75","51466.90","51487.65","-0.01","-0.01","0"
"Thu Sep 05 2024 15:20:00 GMT+0530 (India Standard Time)","51485.90","51497.55","51481.60","51487.15","0","0","0"
"Thu Sep 05 2024 15:25:00 GMT+0530 (India Standard Time)","51486.30","51488.05","51445.05","51445.05","-0.08","-0.08","0"
"Fri Sep 06 2024 09:15:00 GMT+0530 (India Standard Time)","51200.40","51360.25","51178.45","51254.70","-0.37","-0.37","0"
"Fri Sep 06 2024 09:20:00 GMT+0530 (India Standard Time)","51258.40","51294.50","51239.60","51258.45","0.01","0.01","0"
"Fri Sep 06 2024 09:25:00 GMT+0530 (India Standard Time)","51254.55","51380.05","51246.10","51336.80","0.15","0.15","0"
"Fri Sep 06 2024 09:30:00 GMT+0530 (India Standard Time)","51339.00","51374.60","51328.60","51351.30","0.03","0.03","0"
"Fri Sep 06 2024 09:35:00 GMT+0530 (India Standard Time)","51357.40","51360.85","51199.05","51253.85","-0.19","-0.19","0"
"Fri Sep 06 2024 09:40:00 GMT+0530 (India Standard Time)","51253.85","51255.65","51206.55","51239.90","-0.03","-0.03","0"
"Fri Sep 06 2024 09:45:00 GMT+0530 (India Standard Time)","51237.55","51239.05","51143.25","51174.05","-0.13","-0.13","0"
"Fri Sep 06 2024 09:50:00 GMT+0530 (India Standard Time)","51169.75","51176.70","51053.75","51086.25","-0.17","-0.17","0"
"Fri Sep 06 2024 09:55:00 GMT+0530 (India Standard Time)","51083.35","51129.85","51030.25","51064.65","-0.04","-0.04","0"
"Fri Sep 06 2024 10:00:00 GMT+0530 (India Standard Time)","51066.50","51083.85","50995.00","51041.25","-0.05","-0.05","0"
"Fri Sep 06 2024 10:05:00 GMT+0530 (India Standard Time)","51032.60","51036.40","50912.10","50957.40","-0.16","-0.17","0"
"Fri Sep 06 2024 10:10:00 GMT+0530 (India Standard Time)","50963.15","51013.90","50898.25","50987.50","0.06","0.06","0"
"Fri Sep 06 2024 10:15:00 GMT+0530 (India Standard Time)","50987.80","50987.80","50868.20","50958.35","-0.06","-0.06","0"
"Fri Sep 06 2024 10:20:00 GMT+0530 (India Standard Time)","50958.50","51023.60","50937.70","51020.30","0.12","0.12","0"
"Fri Sep 06 2024 10:25:00 GMT+0530 (India Standard Time)","51020.60","51070.15","50969.00","51064.30","0.09","0.08","0"
"Fri Sep 06 2024 10:30:00 GMT+0530 (India Standard Time)","51066.00","51067.05","50993.65","50993.80","-0.14","-0.14","0"
"Fri Sep 06 2024 10:35:00 GMT+0530 (India Standard Time)","50992.25","50995.50","50933.90","50957.40","-0.07","-0.07","0"
"Fri Sep 06 2024 10:40:00 GMT+0530 (India Standard Time)","50958.35","50981.20","50944.00","50964.40","0.01","0.01","0"
"Fri Sep 06 2024 10:45:00 GMT+0530 (India Standard Time)","50968.30","50973.35","50928.70","50943.60","-0.04","-0.04","0"
"Fri Sep 06 2024 10:50:00 GMT+0530 (India Standard Time)","50945.20","51001.10","50944.50","50989.85","0.09","0.09","0"
"Fri Sep 06 2024 10:55:00 GMT+0530 (India Standard Time)","50992.85","50996.05","50960.90","50965.75","-0.05","-0.05","0"
"Fri Sep 06 2024 11:00:00 GMT+0530 (India Standard Time)","50965.85","50968.40","50925.15","50963.80","0","-0.01","0"
"Fri Sep 06 2024 11:05:00 GMT+0530 (India Standard Time)","50963.55","50975.90","50925.10","50925.10","-0.08","-0.08","0"
"Fri Sep 06 2024 11:10:00 GMT+0530 (India Standard Time)","50922.95","50938.35","50894.05","50919.45","-0.01","-0.01","0"
"Fri Sep 06 2024 11:15:00 GMT+0530 (India Standard Time)","50920.15","50962.20","50909.75","50948.75","0.06","0.06","0"
"Fri Sep 06 2024 11:20:00 GMT+0530 (India Standard Time)","50950.20","50956.40","50914.40","50920.70","-0.06","-0.06","0"
"Fri Sep 06 2024 11:25:00 GMT+0530 (India Standard Time)","50919.35","50927.00","50846.25","50894.30","-0.05","-0.05","0"
"Fri Sep 06 2024 11:30:00 GMT+0530 (India Standard Time)","50894.60","50894.60","50850.55","50886.20","-0.02","-0.02","0"
"Fri Sep 06 2024 11:35:00 GMT+0530 (India Standard Time)","50886.45","50928.20","50873.60","50904.30","0.04","0.03","0"
"Fri Sep 06 2024 11:40:00 GMT+0530 (India Standard Time)","50904.70","50918.40","50886.90","50900.75","-0.01","-0.01","0"
"Fri Sep 06 2024 11:45:00 GMT+0530 (India Standard Time)","50901.40","50920.50","50892.10","50919.50","0.04","0.04","0"
"Fri Sep 06 2024 11:50:00 GMT+0530 (India Standard Time)","50920.50","50921.35","50890.40","50897.45","-0.04","-0.04","0"
"Fri Sep 06 2024 11:55:00 GMT+0530 (India Standard Time)","50898.20","50898.70","50875.40","50892.65","-0.01","-0.01","0"
"Fri Sep 06 2024 12:00:00 GMT+0530 (India Standard Time)","50893.25","50896.15","50867.65","50885.90","-0.01","-0.01","0"
"Fri Sep 06 2024 12:05:00 GMT+0530 (India Standard Time)","50885.80","50919.45","50883.35","50902.45","0.03","0.03","0"
"Fri Sep 06 2024 12:10:00 GMT+0530 (India Standard Time)","50902.25","50907.75","50888.70","50897.40","-0.01","-0.01","0"
"Fri Sep 06 2024 12:15:00 GMT+0530 (India Standard Time)","50897.40","50934.80","50895.75","50924.35","0.05","0.05","0"
"Fri Sep 06 2024 12:20:00 GMT+0530 (India Standard Time)","50925.90","50953.40","50921.10","50939.95","0.03","0.03","0"
"Fri Sep 06 2024 12:25:00 GMT+0530 (India Standard Time)","50938.55","50939.85","50907.90","50912.90","-0.05","-0.05","0"
"Fri Sep 06 2024 12:30:00 GMT+0530 (India Standard Time)","50910.90","50927.45","50888.40","50898.60","-0.03","-0.03","0"
"Fri Sep 06 2024 12:35:00 GMT+0530 (India Standard Time)","50895.05","50925.95","50886.10","50910.70","0.02","0.02","0"
"Fri Sep 06 2024 12:40:00 GMT+0530 (India Standard Time)","50907.30","50953.00","50905.15","50941.80","0.06","0.06","0"
"Fri Sep 06 2024 12:45:00 GMT+0530 (India Standard Time)","50939.65","50940.55","50906.05","50915.75","-0.05","-0.05","0"
"Fri Sep 06 2024 12:50:00 GMT+0530 (India Standard Time)","50911.40","50928.50","50872.80","50879.40","-0.07","-0.07","0"
"Fri Sep 06 2024 12:55:00 GMT+0530 (India Standard Time)","50878.20","50891.55","50832.35","50842.30","-0.07","-0.07","0"
"Fri Sep 06 2024 13:00:00 GMT+0530 (India Standard Time)","50839.75","50847.80","50785.30","50831.60","-0.02","-0.02","0"
"Fri Sep 06 2024 13:05:00 GMT+0530 (India Standard Time)","50830.70","50869.05","50814.65","50853.90","0.04","0.04","0"
"Fri Sep 06 2024 13:10:00 GMT+0530 (India Standard Time)","50853.60","50866.35","50824.95","50831.80","-0.04","-0.05","0"
"Fri Sep 06 2024 13:15:00 GMT+0530 (India Standard Time)","50827.50","50839.45","50805.40","50836.85","0.01","0.01","0"
"Fri Sep 06 2024 13:20:00 GMT+0530 (India Standard Time)","50838.25","50844.80","50758.65","50773.60","-0.12","-0.13","0"
"Fri Sep 06 2024 13:25:00 GMT+0530 (India Standard Time)","50772.70","50836.45","50765.20","50823.20","0.10","0.10","0"
"Fri Sep 06 2024 13:30:00 GMT+0530 (India Standard Time)","50821.10","50862.35","50793.75","50857.85","0.07","0.07","0"
"Fri Sep 06 2024 13:35:00 GMT+0530 (India Standard Time)","50856.90","50857.50","50803.25","50823.90","-0.07","-0.07","0"
"Fri Sep 06 2024 13:40:00 GMT+0530 (India Standard Time)","50819.00","50822.70","50795.20","50805.40","-0.04","-0.04","0"
"Fri Sep 06 2024 13:45:00 GMT+0530 (India Standard Time)","50804.45","50822.50","50774.70","50783.50","-0.04","-0.04","0"
"Fri Sep 06 2024 13:50:00 GMT+0530 (India Standard Time)","50783.50","50797.40","50767.25","50784.00","0","0","0"
"Fri Sep 06 2024 13:55:00 GMT+0530 (India Standard Time)","50784.30","50807.70","50763.00","50770.90","-0.03","-0.03","0"
"Fri Sep 06 2024 14:00:00 GMT+0530 (India Standard Time)","50767.40","50818.70","50739.85","50818.70","0.09","0.09","0"
"Fri Sep 06 2024 14:05:00 GMT+0530 (India Standard Time)","50814.95","50825.85","50794.95","50809.10","-0.02","-0.02","0"
"Fri Sep 06 2024 14:10:00 GMT+0530 (India Standard Time)","50805.75","50816.95","50795.50","50816.95","0.02","0.01","0"
"Fri Sep 06 2024 14:15:00 GMT+0530 (India Standard Time)","50813.25","50822.50","50773.80","50780.50","-0.07","-0.07","0"
"Fri Sep 06 2024 14:20:00 GMT+0530 (India Standard Time)","50776.65","50796.05","50707.55","50713.25","-0.13","-0.13","0"
"Fri Sep 06 2024 14:25:00 GMT+0530 (India Standard Time)","50709.40","50732.10","50648.20","50679.40","-0.07","-0.07","0"
"Fri Sep 06 2024 14:30:00 GMT+0530 (India Standard Time)","50681.55","50703.40","50630.00","50667.60","-0.02","-0.02","0"
"Fri Sep 06 2024 14:35:00 GMT+0530 (India Standard Time)","50668.55","50691.25","50657.85","50665.25","0","-0.01","0"
"Fri Sep 06 2024 14:40:00 GMT+0530 (India Standard Time)","50663.65","50684.90","50602.25","50611.10","-0.11","-0.11","0"
"Fri Sep 06 2024 14:45:00 GMT+0530 (India Standard Time)","50611.00","50630.65","50551.10","50551.10","-0.12","-0.12","0"
"Fri Sep 06 2024 14:50:00 GMT+0530 (India Standard Time)","50560.70","50560.75","50447.30","50540.55","-0.02","-0.02","0"
"Fri Sep 06 2024 14:55:00 GMT+0530 (India Standard Time)","50541.50","50563.50","50466.90","50501.15","-0.08","-0.08","0"
"Fri Sep 06 2024 15:00:00 GMT+0530 (India Standard Time)","50499.75","50570.20","50491.40","50564.80","0.13","0.12","0"
"Fri Sep 06 2024 15:05:00 GMT+0530 (India Standard Time)","50565.35","50590.50","50528.65","50590.50","0.05","0.05","0"
"Fri Sep 06 2024 15:10:00 GMT+0530 (India Standard Time)","50578.30","50599.00","50539.45","50574.40","-0.03","-0.03","0"
"Fri Sep 06 2024 15:15:00 GMT+0530 (India Standard Time)","50572.35","50641.60","50569.95","50636.90","0.12","0.12","0"
"Fri Sep 06 2024 15:20:00 GMT+0530 (India Standard Time)","50639.30","50646.10","50597.00","50620.50","-0.03","-0.03","0"
"Fri Sep 06 2024 15:25:00 GMT+0530 (India Standard Time)","50617.30","50648.55","50601.00","50627.80","0.01","0.01","0"
"Mon Sep 09 2024 09:15:00 GMT+0530 (India Standard Time)","50549.25","50582.85","50369.40","50430.80","-0.39","-0.39","0"
"Mon Sep 09 2024 09:20:00 GMT+0530 (India Standard Time)","50424.40","50541.25","50381.35","50537.60","0.21","0.21","0"
"Mon Sep 09 2024 09:25:00 GMT+0530 (India Standard Time)","50539.35","50555.45","50425.80","50427.90","-0.22","-0.22","0"
"Mon Sep 09 2024 09:30:00 GMT+0530 (India Standard Time)","50419.60","50600.85","50419.60","50600.85","0.34","0.34","0"
"Mon Sep 09 2024 09:35:00 GMT+0530 (India Standard Time)","50600.40","50665.90","50542.40","50656.45","0.11","0.11","0"
"Mon Sep 09 2024 09:40:00 GMT+0530 (India Standard Time)","50653.15","50691.45","50610.25","50659.90","0.01","0.01","0"
"Mon Sep 09 2024 09:45:00 GMT+0530 (India Standard Time)","50655.20","50682.05","50621.10","50672.20","0.02","0.02","0"
"Mon Sep 09 2024 09:50:00 GMT+0530 (India Standard Time)","50672.10","50672.10","50575.95","50629.20","-0.08","-0.09","0"
"Mon Sep 09 2024 09:55:00 GMT+0530 (India Standard Time)","50629.35","50671.55","50599.25","50638.90","0.02","0.02","0"
"Mon Sep 09 2024 10:00:00 GMT+0530 (India Standard Time)","50640.10","50650.25","50585.85","50603.10","-0.07","-0.07","0"
"Mon Sep 09 2024 10:05:00 GMT+0530 (India Standard Time)","50602.55","50608.10","50535.30","50544.50","-0.12","-0.12","0"
"Mon Sep 09 2024 10:10:00 GMT+0530 (India Standard Time)","50544.55","50617.95","50544.55","50593.55","0.10","0.10","0"
"Mon Sep 09 2024 10:15:00 GMT+0530 (India Standard Time)","50590.60","50603.55","50561.85","50578.25","-0.03","-0.03","0"
"Mon Sep 09 2024 10:20:00 GMT+0530 (India Standard Time)","50572.75","50585.50","50547.05","50579.15","0","0","0"
"Mon Sep 09 2024 10:25:00 GMT+0530 (India Standard Time)","50578.35","50588.35","50551.55","50580.10","0","0","0"
"Mon Sep 09 2024 10:30:00 GMT+0530 (India Standard Time)","50579.30","50602.80","50567.95","50589.55","0.02","0.02","0"
"Mon Sep 09 2024 10:35:00 GMT+0530 (India Standard Time)","50588.10","50647.15","50584.45","50640.65","0.10","0.10","0"
"Mon Sep 09 2024 10:40:00 GMT+0530 (India Standard Time)","50639.65","50772.95","50630.60","50772.95","0.26","0.26","0"
"Mon Sep 09 2024 10:45:00 GMT+0530 (India Standard Time)","50771.95","50810.15","50749.15","50770.75","0","-0.01","0"
"Mon Sep 09 2024 10:50:00 GMT+0530 (India Standard Time)","50777.00","50798.05","50759.20","50778.30","0.01","0.01","0"
"Mon Sep 09 2024 10:55:00 GMT+0530 (India Standard Time)","50780.70","50780.70","50725.50","50732.85","-0.09","-0.09","0"
"Mon Sep 09 2024 11:00:00 GMT+0530 (India Standard Time)","50733.35","50775.65","50729.00","50749.25","0.03","0.03","0"
"Mon Sep 09 2024 11:05:00 GMT+0530 (India Standard Time)","50750.10","50775.65","50737.45","50768.95","0.04","0.04","0"
"Mon Sep 09 2024 11:10:00 GMT+0530 (India Standard Time)","50769.20","50781.15","50748.05","50772.95","0.01","0.01","0"
"Mon Sep 09 2024 11:15:00 GMT+0530 (India Standard Time)","50773.40","50814.55","50761.15","50789.25","0.03","0.03","0"
"Mon Sep 09 2024 11:20:00 GMT+0530 (India Standard Time)","50788.90","50822.25","50753.15","50773.90","-0.03","-0.03","0"
"Mon Sep 09 2024 11:25:00 GMT+0530 (India Standard Time)","50769.15","50779.90","50749.70","50761.85","-0.02","-0.03","0"
"Mon Sep 09 2024 11:30:00 GMT+0530 (India Standard Time)","50760.45","50780.45","50730.50","50777.75","0.03","0.03","0"
"Mon Sep 09 2024 11:35:00 GMT+0530 (India Standard Time)","50772.30","50781.95","50685.40","50736.40","-0.08","-0.08","0"
"Mon Sep 09 2024 11:40:00 GMT+0530 (India Standard Time)","50735.15","50777.95","50735.15","50762.00","0.05","0.05","0"
"Mon Sep 09 2024 11:45:00 GMT+0530 (India Standard Time)","50760.70","50812.60","50751.80","50805.90","0.09","0.08","0"
"Mon Sep 09 2024 11:50:00 GMT+0530 (India Standard Time)","50805.70","50891.65","50791.50","50843.95","0.07","0.07","0"
"Mon Sep 09 2024 11:55:00 GMT+0530 (India Standard Time)","50840.30","50846.05","50816.85","50820.40","-0.05","-0.05","0"
"Mon Sep 09 2024 12:00:00 GMT+0530 (India Standard Time)","50820.40","50827.85","50782.45","50788.90","-0.06","-0.06","0"
"Mon Sep 09 2024 12:05:00 GMT+0530 (India Standard Time)","50786.95","50793.60","50737.20","50739.40","-0.10","-0.10","0"
"Mon Sep 09 2024 12:10:00 GMT+0530 (India Standard Time)","50738.65","50743.80","50669.70","50687.85","-0.10","-0.10","0"
"Mon Sep 09 2024 12:15:00 GMT+0530 (India Standard Time)","50686.40","50691.80","50611.65","50639.55","-0.10","-0.10","0"
"Mon Sep 09 2024 12:20:00 GMT+0530 (India Standard Time)","50640.50","50653.75","50620.60","50627.90","-0.02","-0.02","0"
"Mon Sep 09 2024 12:25:00 GMT+0530 (India Standard Time)","50632.35","50654.25","50580.85","50588.15","-0.08","-0.08","0"
"Mon Sep 09 2024 12:30:00 GMT+0530 (India Standard Time)","50589.05","50685.75","50563.85","50680.20","0.18","0.18","0"
"Mon Sep 09 2024 12:35:00 GMT+0530 (India Standard Time)","50682.30","50692.20","50627.00","50636.50","-0.09","-0.09","0"
"Mon Sep 09 2024 12:40:00 GMT+0530 (India Standard Time)","50636.70","50653.40","50622.10","50649.55","0.03","0.02","0"
"Mon Sep 09 2024 12:45:00 GMT+0530 (India Standard Time)","50651.65","50691.25","50598.60","50609.30","-0.08","-0.08","0"
"Mon Sep 09 2024 12:50:00 GMT+0530 (India Standard Time)","50610.25","50662.15","50606.05","50655.45","0.09","0.09","0"
"Mon Sep 09 2024 12:55:00 GMT+0530 (India Standard Time)","50659.80","50679.65","50649.70","50663.55","0.02","0.01","0"
"Mon Sep 09 2024 13:00:00 GMT+0530 (India Standard Time)","50663.65","50694.85","50662.10","50685.90","0.04","0.04","0"
"Mon Sep 09 2024 13:05:00 GMT+0530 (India Standard Time)","50683.95","50715.65","50668.20","50684.05","0","-0.01","0"
"Mon Sep 09 2024 13:10:00 GMT+0530 (India Standard Time)","50683.90","50692.15","50654.25","50679.40","-0.01","-0.01","0"
"Mon Sep 09 2024 13:15:00 GMT+0530 (India Standard Time)","50678.05","50704.15","50651.90","50698.20","0.04","0.04","0"
"Mon Sep 09 2024 13:20:00 GMT+0530 (India Standard Time)","50697.75","50834.60","50689.90","50800.95","0.20","0.20","0"
"Mon Sep 09 2024 13:25:00 GMT+0530 (India Standard Time)","50801.45","50912.45","50792.55","50893.55","0.18","0.18","0"
"Mon Sep 09 2024 13:30:00 GMT+0530 (India Standard Time)","50894.55","50942.45","50846.45","50903.05","0.02","0.02","0"
"Mon Sep 09 2024 13:35:00 GMT+0530 (India Standard Time)","50904.25","50912.35","50857.20","50868.15","-0.07","-0.07","0"
"Mon Sep 09 2024 13:40:00 GMT+0530 (India Standard Time)","50869.60","50892.20","50839.70","50846.50","-0.04","-0.04","0"
"Mon Sep 09 2024 13:45:00 GMT+0530 (India Standard Time)","50846.50","50883.80","50846.50","50869.70","0.05","0.04","0"
"Mon Sep 09 2024 13:50:00 GMT+0530 (India Standard Time)","50868.00","50879.85","50818.90","50859.80","-0.02","-0.02","0"
"Mon Sep 09 2024 13:55:00 GMT+0530 (India Standard Time)","50860.25","50917.40","50855.85","50903.30","0.09","0.08","0"
"Mon Sep 09 2024 14:00:00 GMT+0530 (India Standard Time)","50905.30","50944.40","50884.10","50887.55","-0.03","-0.03","0"
"Mon Sep 09 2024 14:05:00 GMT+0530 (India Standard Time)","50889.95","50932.20","50883.20","50912.45","0.05","0.05","0"
"Mon Sep 09 2024 14:10:00 GMT+0530 (India Standard Time)","50913.95","50971.80","50913.40","50954.70","0.08","0.08","0"
"Mon Sep 09 2024 14:15:00 GMT+0530 (India Standard Time)","50955.85","51013.95","50952.55","50954.00","0","0","0"
"Mon Sep 09 2024 14:20:00 GMT+0530 (India Standard Time)","50954.55","50974.25","50934.90","50965.65","0.02","0.02","0"
"Mon Sep 09 2024 14:25:00 GMT+0530 (India Standard Time)","50970.40","50997.30","50920.35","50933.70","-0.06","-0.06","0"
"Mon Sep 09 2024 14:30:00 GMT+0530 (India Standard Time)","50933.80","50973.10","50919.25","50950.10","0.03","0.03","0"
"Mon Sep 09 2024 14:35:00 GMT+0530 (India Standard Time)","50950.50","51038.65","50950.20","51035.45","0.17","0.17","0"
"Mon Sep 09 2024 14:40:00 GMT+0530 (India Standard Time)","51028.70","51064.85","51017.45","51042.80","0.01","0.01","0"
"Mon Sep 09 2024 14:45:00 GMT+0530 (India Standard Time)","51043.05","51162.20","51043.05","51138.15","0.19","0.19","0"
"Mon Sep 09 2024 14:50:00 GMT+0530 (India Standard Time)","51135.60","51166.95","51124.15","51151.90","0.03","0.03","0"
"Mon Sep 09 2024 14:55:00 GMT+0530 (India Standard Time)","51150.60","51192.75","51120.55","51133.85","-0.04","-0.04","0"
"Mon Sep 09 2024 15:00:00 GMT+0530 (India Standard Time)","51136.65","51150.80","51089.30","51141.80","0.02","0.01","0"
"Mon Sep 09 2024 15:05:00 GMT+0530 (India Standard Time)","51138.60","51149.60","51116.75","51130.85","-0.02","-0.02","0"
"Mon Sep 09 2024 15:10:00 GMT+0530 (India Standard Time)","51134.10","51151.85","51108.55","51112.35","-0.04","-0.04","0"
"Mon Sep 09 2024 15:15:00 GMT+0530 (India Standard Time)","51107.70","51129.15","51087.35","51098.50","-0.03","-0.03","0"
"Mon Sep 09 2024 15:20:00 GMT+0530 (India Standard Time)","51095.70","51117.25","51072.70","51104.25","0.01","0.01","0"
"Mon Sep 09 2024 15:25:00 GMT+0530 (India Standard Time)","51105.60","51130.95","51082.90","51126.55","0.04","0.04","0"
"Tue Sep 10 2024 09:15:00 GMT+0530 (India Standard Time)","51328.30","51329.80","51135.15","51162.30","0.07","0.07","0"
"Tue Sep 10 2024 09:20:00 GMT+0530 (India Standard Time)","51158.80","51218.20","51109.95","51216.20","0.11","0.10","0"
"Tue Sep 10 2024 09:25:00 GMT+0530 (India Standard Time)","51212.90","51221.05","51121.75","51191.20","-0.05","-0.05","0"
"Tue Sep 10 2024 09:30:00 GMT+0530 (India Standard Time)","51191.10","51208.70","51157.60","51197.45","0.01","0.01","0"
"Tue Sep 10 2024 09:35:00 GMT+0530 (India Standard Time)","51197.85","51242.45","51140.65","51153.15","-0.09","-0.09","0"
"Tue Sep 10 2024 09:40:00 GMT+0530 (India Standard Time)","51144.40","51168.75","51083.60","51115.55","-0.07","-0.08","0"
"Tue Sep 10 2024 09:45:00 GMT+0530 (India Standard Time)","51115.85","51131.75","51014.05","51039.25","-0.15","-0.15","0"
"Tue Sep 10 2024 09:50:00 GMT+0530 (India Standard Time)","51042.25","51067.45","51000.50","51019.60","-0.04","-0.04","0"
"Tue Sep 10 2024 09:55:00 GMT+0530 (India Standard Time)","51019.25","51033.80","50958.25","50992.50","-0.05","-0.05","0"
"Tue Sep 10 2024 10:00:00 GMT+0530 (India Standard Time)","50992.40","51048.25","50968.10","51048.25","0.11","0.11","0"
"Tue Sep 10 2024 10:05:00 GMT+0530 (India Standard Time)","51045.35","51056.75","50993.05","51036.90","-0.02","-0.02","0"
"Tue Sep 10 2024 10:10:00 GMT+0530 (India Standard Time)","51034.00","51074.05","51005.80","51063.60","0.05","0.05","0"
"Tue Sep 10 2024 10:15:00 GMT+0530 (India Standard Time)","51067.25","51088.20","51049.85","51076.00","0.02","0.02","0"
"Tue Sep 10 2024 10:20:00 GMT+0530 (India Standard Time)","51074.80","51100.95","51056.40","51095.15","0.04","0.04","0"
"Tue Sep 10 2024 10:25:00 GMT+0530 (India Standard Time)","51092.95","51126.60","51085.20","51120.65","0.05","0.05","0"
"Tue Sep 10 2024 10:30:00 GMT+0530 (India Standard Time)","51119.70","51177.00","51116.75","51177.00","0.11","0.11","0"
"Tue Sep 10 2024 10:35:00 GMT+0530 (India Standard Time)","51178.15","51194.40","51149.10","51168.00","-0.02","-0.02","0"
"Tue Sep 10 2024 10:40:00 GMT+0530 (India Standard Time)","51167.25","51178.10","51135.30","51143.45","-0.05","-0.05","0"
"Tue Sep 10 2024 10:45:00 GMT+0530 (India Standard Time)","51138.85","51144.50","51046.15","51080.55","-0.12","-0.12","0"
"Tue Sep 10 2024 10:50:00 GMT+0530 (India Standard Time)","51080.10","51086.90","51058.30","51086.90","0.01","0.01","0"
"Tue Sep 10 2024 10:55:00 GMT+0530 (India Standard Time)","51085.15","51142.70","51080.30","51133.80","0.09","0.09","0"
"Tue Sep 10 2024 11:00:00 GMT+0530 (India Standard Time)","51132.15","51151.70","51121.85","51143.40","0.02","0.02","0"
"Tue Sep 10 2024 11:05:00 GMT+0530 (India Standard Time)","51142.05","51153.50","51077.60","51081.65","-0.12","-0.12","0"
"Tue Sep 10 2024 11:10:00 GMT+0530 (India Standard Time)","51081.65","51145.05","51081.65","51142.45","0.12","0.12","0"
"Tue Sep 10 2024 11:15:00 GMT+0530 (India Standard Time)","51140.50","51199.70","51130.75","51160.75","0.04","0.03","0"
"Tue Sep 10 2024 11:20:00 GMT+0530 (India Standard Time)","51162.80","51181.60","51138.45","51159.80","0","0","0"
"Tue Sep 10 2024 11:25:00 GMT+0530 (India Standard Time)","51159.35","51192.15","51159.35","51177.95","0.04","0.03","0"
"Tue Sep 10 2024 11:30:00 GMT+0530 (India Standard Time)","51178.00","51199.70","51158.10","51172.35","-0.01","-0.01","0"
"Tue Sep 10 2024 11:35:00 GMT+0530 (India Standard Time)","51172.30","51174.10","51139.80","51150.45","-0.04","-0.04","0"
"Tue Sep 10 2024 11:40:00 GMT+0530 (India Standard Time)","51150.45","51182.10","51142.55","51175.40","0.05","0.05","0"
"Tue Sep 10 2024 11:45:00 GMT+0530 (India Standard Time)","51175.30","51189.55","51156.70","51186.50","0.02","0.02","0"
"Tue Sep 10 2024 11:50:00 GMT+0530 (India Standard Time)","51186.35","51209.90","51182.55","51208.25","0.04","0.04","0"
"Tue Sep 10 2024 11:55:00 GMT+0530 (India Standard Time)","51206.95","51253.85","51197.35","51233.10","0.05","0.05","0"
"Tue Sep 10 2024 12:00:00 GMT+0530 (India Standard Time)","51233.40","51243.85","51174.60","51186.15","-0.09","-0.09","0"
"Tue Sep 10 2024 12:05:00 GMT+0530 (India Standard Time)","51185.25","51211.40","51179.10","51204.20","0.04","0.03","0"
"Tue Sep 10 2024 12:10:00 GMT+0530 (India Standard Time)","51206.65","51230.10","51202.20","51211.45","0.01","0.01","0"
"Tue Sep 10 2024 12:15:00 GMT+0530 (India Standard Time)","51215.50","51217.75","51174.15","51190.40","-0.04","-0.04","0"
"Tue Sep 10 2024 12:20:00 GMT+0530 (India Standard Time)","51190.95","51207.80","51179.75","51207.80","0.03","0.03","0"
"Tue Sep 10 2024 12:25:00 GMT+0530 (India Standard Time)","51204.75","51224.00","51194.85","51219.80","0.02","0.02","0"
"Tue Sep 10 2024 12:30:00 GMT+0530 (India Standard Time)","51218.15","51236.30","51209.75","51222.40","0.01","0","0"
"Tue Sep 10 2024 12:35:00 GMT+0530 (India Standard Time)","51220.90","51265.40","51216.20","51248.35","0.05","0.05","0"
"Tue Sep 10 2024 12:40:00 GMT+0530 (India Standard Time)","51248.55","51274.05","51238.20","51267.15","0.04","0.04","0"
"Tue Sep 10 2024 12:45:00 GMT+0530 (India Standard Time)","51268.25","51275.10","51233.70","51243.05","-0.05","-0.05","0"
"Tue Sep 10 2024 12:50:00 GMT+0530 (India Standard Time)","51243.20","51266.25","51237.70","51240.75","0","-0.01","0"
"Tue Sep 10 2024 12:55:00 GMT+0530 (India Standard Time)","51242.15","51259.20","51192.95","51213.65","-0.05","-0.05","0"
"Tue Sep 10 2024 13:00:00 GMT+0530 (India Standard Time)","51213.20","51256.75","51204.95","51238.95","0.05","0.05","0"
"Tue Sep 10 2024 13:05:00 GMT+0530 (India Standard Time)","51234.15","51274.45","51230.50","51271.30","0.06","0.06","0"
"Tue Sep 10 2024 13:10:00 GMT+0530 (India Standard Time)","51270.15","51289.05","51252.25","51264.45","-0.01","-0.01","0"
"Tue Sep 10 2024 13:15:00 GMT+0530 (India Standard Time)","51263.25","51274.55","51250.30","51266.60","0","0","0"
"Tue Sep 10 2024 13:20:00 GMT+0530 (India Standard Time)","51267.65","51304.55","51264.40","51293.45","0.05","0.05","0"
"Tue Sep 10 2024 13:25:00 GMT+0530 (India Standard Time)","51291.75","51344.55","51278.50","51342.00","0.09","0.09","0"
"Tue Sep 10 2024 13:30:00 GMT+0530 (India Standard Time)","51340.20","51366.00","51296.00","51302.90","-0.08","-0.08","0"
"Tue Sep 10 2024 13:35:00 GMT+0530 (India Standard Time)","51305.55","51309.15","51270.85","51289.95","-0.03","-0.03","0"
"Tue Sep 10 2024 13:40:00 GMT+0530 (India Standard Time)","51289.00","51329.20","51287.30","51329.20","0.08","0.07","0"
"Tue Sep 10 2024 13:45:00 GMT+0530 (India Standard Time)","51329.70","51345.80","51310.25","51337.90","0.02","0.02","0"
"Tue Sep 10 2024 13:50:00 GMT+0530 (India Standard Time)","51339.85","51352.50","51316.15","51340.35","0","0","0"
"Tue Sep 10 2024 13:55:00 GMT+0530 (India Standard Time)","51339.35","51355.85","51322.15","51325.80","-0.03","-0.03","0"
"Tue Sep 10 2024 14:00:00 GMT+0530 (India Standard Time)","51328.70","51338.95","51290.30","51304.00","-0.04","-0.04","0"
"Tue Sep 10 2024 14:05:00 GMT+0530 (India Standard Time)","51303.65","51341.25","51292.30","51331.20","0.05","0.05","0"
"Tue Sep 10 2024 14:10:00 GMT+0530 (India Standard Time)","51332.65","51343.80","51301.15","51317.95","-0.03","-0.03","0"
"Tue Sep 10 2024 14:15:00 GMT+0530 (India Standard Time)","51313.95","51323.95","51288.95","51323.15","0.01","0.01","0"
"Tue Sep 10 2024 14:20:00 GMT+0530 (India Standard Time)","51323.60","51329.30","51294.85","51306.30","-0.03","-0.03","0"
"Tue Sep 10 2024 14:25:00 GMT+0530 (India Standard Time)","51307.85","51340.25","51300.55","51310.95","0.01","0.01","0"
"Tue Sep 10 2024 14:30:00 GMT+0530 (India Standard Time)","51310.65","51313.15","51245.20","51262.85","-0.09","-0.10","0"
"Tue Sep 10 2024 14:35:00 GMT+0530 (India Standard Time)","51262.80","51294.20","51243.20","51272.75","0.02","0.02","0"
"Tue Sep 10 2024 14:40:00 GMT+0530 (India Standard Time)","51269.20","51297.35","51265.95","51275.45","0.01","0","0"
"Tue Sep 10 2024 14:45:00 GMT+0530 (India Standard Time)","51277.60","51280.55","51236.55","51261.00","-0.03","-0.03","0"
"Tue Sep 10 2024 14:50:00 GMT+0530 (India Standard Time)","51261.90","51269.65","51213.50","51223.75","-0.07","-0.07","0"
"Tue Sep 10 2024 14:55:00 GMT+0530 (India Standard Time)","51220.70","51273.85","51220.70","51265.65","0.08","0.08","0"
"Tue Sep 10 2024 15:00:00 GMT+0530 (India Standard Time)","51262.85","51272.95","51175.75","51266.80","0","0","0"
"Tue Sep 10 2024 15:05:00 GMT+0530 (India Standard Time)","51262.25","51282.95","51224.40","51270.00","0.01","0","0"
"Tue Sep 10 2024 15:10:00 GMT+0530 (India Standard Time)","51275.10","51327.35","51259.20","51267.10","-0.01","-0.01","0"
"Tue Sep 10 2024 15:15:00 GMT+0530 (India Standard Time)","51265.00","51306.85","51251.00","51290.15","0.04","0.04","0"
"Tue Sep 10 2024 15:20:00 GMT+0530 (India Standard Time)","51288.90","51304.25","51261.75","51299.85","0.02","0.02","0"
"Tue Sep 10 2024 15:25:00 GMT+0530 (India Standard Time)","51301.50","51320.85","51266.30","51277.65","-0.04","-0.04","0"
"Wed Sep 11 2024 09:15:00 GMT+0530 (India Standard Time)","51218.55","51218.55","51080.95","51093.40","-0.36","-0.36","0"
"Wed Sep 11 2024 09:20:00 GMT+0530 (India Standard Time)","51089.40","51115.80","51062.60","51070.70","-0.04","-0.05","0"
"Wed Sep 11 2024 09:25:00 GMT+0530 (India Standard Time)","51070.50","51098.35","51047.80","51084.90","0.03","0.03","0"
"Wed Sep 11 2024 09:30:00 GMT+0530 (India Standard Time)","51085.50","51152.25","51074.95","51104.50","0.04","0.04","0"
"Wed Sep 11 2024 09:35:00 GMT+0530 (India Standard Time)","51101.65","51239.60","51100.45","51232.60","0.25","0.25","0"
"Wed Sep 11 2024 09:40:00 GMT+0530 (India Standard Time)","51233.80","51288.85","51208.15","51286.75","0.11","0.10","0"
"Wed Sep 11 2024 09:45:00 GMT+0530 (India Standard Time)","51286.65","51310.70","51269.60","51281.30","-0.01","-0.01","0"
"Wed Sep 11 2024 09:50:00 GMT+0530 (India Standard Time)","51285.75","51285.75","51237.10","51240.10","-0.08","-0.08","0"
"Wed Sep 11 2024 09:55:00 GMT+0530 (India Standard Time)","51238.15","51317.60","51224.35","51263.40","0.05","0.04","0"
"Wed Sep 11 2024 10:00:00 GMT+0530 (India Standard Time)","51257.60","51274.35","51228.00","51261.65","0","0","0"
"Wed Sep 11 2024 10:05:00 GMT+0530 (India Standard Time)","51262.25","51293.90","51243.70","51268.60","0.01","0.01","0"
"Wed Sep 11 2024 10:10:00 GMT+0530 (India Standard Time)","51268.85","51276.65","51237.25","51266.45","0","-0.01","0"
"Wed Sep 11 2024 10:15:00 GMT+0530 (India Standard Time)","51267.55","51315.05","51256.75","51301.70","0.07","0.07","0"
"Wed Sep 11 2024 10:20:00 GMT+0530 (India Standard Time)","51302.65","51308.15","51251.65","51261.20","-0.08","-0.08","0"
"Wed Sep 11 2024 10:25:00 GMT+0530 (India Standard Time)","51264.20","51287.20","51249.55","51286.95","0.05","0.05","0"
"Wed Sep 11 2024 10:30:00 GMT+0530 (India Standard Time)","51287.70","51367.85","51273.05","51357.00","0.14","0.14","0"
"Wed Sep 11 2024 10:35:00 GMT+0530 (India Standard Time)","51357.10","51420.15","51345.00","51394.90","0.07","0.07","0"
"Wed Sep 11 2024 10:40:00 GMT+0530 (India Standard Time)","51397.35","51418.00","51380.80","51398.85","0.01","0.01","0"
"Wed Sep 11 2024 10:45:00 GMT+0530 (India Standard Time)","51401.40","51401.40","51361.20","51361.20","-0.07","-0.07","0"
"Wed Sep 11 2024 10:50:00 GMT+0530 (India Standard Time)","51361.50","51364.60","51297.00","51327.75","-0.07","-0.07","0"
"Wed Sep 11 2024 10:55:00 GMT+0530 (India Standard Time)","51331.00","51334.05","51211.35","51253.80","-0.14","-0.15","0"
"Wed Sep 11 2024 11:00:00 GMT+0530 (India Standard Time)","51254.45","51282.25","51232.95","51256.30","0","0","0"
"Wed Sep 11 2024 11:05:00 GMT+0530 (India Standard Time)","51254.65","51340.40","51249.80","51328.00","0.14","0.14","0"
"Wed Sep 11 2024 11:10:00 GMT+0530 (India Standard Time)","51328.65","51359.80","51312.85","51346.35","0.04","0.03","0"
"Wed Sep 11 2024 11:15:00 GMT+0530 (India Standard Time)","51344.75","51352.45","51275.00","51298.65","-0.09","-0.09","0"
"Wed Sep 11 2024 11:20:00 GMT+0530 (India Standard Time)","51297.80","51303.95","51237.85","51271.70","-0.05","-0.05","0"
"Wed Sep 11 2024 11:25:00 GMT+0530 (India Standard Time)","51271.70","51284.95","51218.50","51282.60","0.02","0.02","0"
"Wed Sep 11 2024 11:30:00 GMT+0530 (India Standard Time)","51282.90","51325.60","51264.50","51300.85","0.04","0.03","0"
"Wed Sep 11 2024 11:35:00 GMT+0530 (India Standard Time)","51303.15","51307.95","51058.45","51146.55","-0.30","-0.30","0"
"Wed Sep 11 2024 11:40:00 GMT+0530 (India Standard Time)","51142.20","51205.35","51112.65","51165.10","0.04","0.03","0"
"Wed Sep 11 2024 11:45:00 GMT+0530 (India Standard Time)","51161.20","51167.30","51101.55","51136.05","-0.06","-0.06","0"
"Wed Sep 11 2024 11:50:00 GMT+0530 (India Standard Time)","51131.65","51198.80","51131.65","51139.15","0.01","0","0"
"Wed Sep 11 2024 11:55:00 GMT+0530 (India Standard Time)","51137.60","51216.50","51134.45","51196.60","0.11","0.11","0"
"Wed Sep 11 2024 12:00:00 GMT+0530 (India Standard Time)","51196.00","51212.20","51148.20","51182.00","-0.03","-0.03","0"
"Wed Sep 11 2024 12:05:00 GMT+0530 (India Standard Time)","51173.25","51217.05","51169.05","51185.65","0.01","0.01","0"
"Wed Sep 11 2024 12:10:00 GMT+0530 (India Standard Time)","51186.90","51187.10","51130.55","51181.10","-0.01","-0.01","0"
"Wed Sep 11 2024 12:15:00 GMT+0530 (India Standard Time)","51182.45","51202.80","51136.85","51158.95","-0.04","-0.04","0"
"Wed Sep 11 2024 12:20:00 GMT+0530 (India Standard Time)","51161.00","51180.90","51116.00","51179.15","0.04","0.04","0"
"Wed Sep 11 2024 12:25:00 GMT+0530 (India Standard Time)","51179.05","51193.45","51139.30","51147.35","-0.06","-0.06","0"
"Wed Sep 11 2024 12:30:00 GMT+0530 (India Standard Time)","51150.80","51207.80","51137.10","51181.55","0.07","0.07","0"
"Wed Sep 11 2024 12:35:00 GMT+0530 (India Standard Time)","51185.50","51187.15","51148.65","51165.50","-0.03","-0.03","0"
"Wed Sep 11 2024 12:40:00 GMT+0530 (India Standard Time)","51167.35","51177.50","51133.40","51135.65","-0.06","-0.06","0"
"Wed Sep 11 2024 12:45:00 GMT+0530 (India Standard Time)","51138.70","51156.50","51109.50","51147.05","0.02","0.02","0"
"Wed Sep 11 2024 12:50:00 GMT+0530 (India Standard Time)","51145.10","51159.90","51102.25","51123.15","-0.05","-0.05","0"
"Wed Sep 11 2024 12:55:00 GMT+0530 (India Standard Time)","51122.25","51142.05","51076.65","51102.95","-0.04","-0.04","0"
"Wed Sep 11 2024 13:00:00 GMT+0530 (India Standard Time)","51102.70","51138.20","51088.65","51131.60","0.06","0.05","0"
"Wed Sep 11 2024 13:05:00 GMT+0530 (India Standard Time)","51130.65","51146.50","51114.65","51128.15","-0.01","-0.01","0"
"Wed Sep 11 2024 13:10:00 GMT+0530 (India Standard Time)","51128.45","51145.40","51115.80","51125.90","0","-0.01","0"
"Wed Sep 11 2024 13:15:00 GMT+0530 (India Standard Time)","51124.45","51133.85","51102.45","51121.50","-0.01","-0.01","0"
"Wed Sep 11 2024 13:20:00 GMT+0530 (India Standard Time)","51119.10","51128.00","51104.20","51124.70","0.01","0","0"
"Wed Sep 11 2024 13:25:00 GMT+0530 (India Standard Time)","51124.40","51178.35","51119.00","51159.35","0.07","0.07","0"
"Wed Sep 11 2024 13:30:00 GMT+0530 (India Standard Time)","51158.30","51161.30","51109.45","51116.00","-0.08","-0.09","0"
"Wed Sep 11 2024 13:35:00 GMT+0530 (India Standard Time)","51110.90","51134.50","51103.40","51124.75","0.02","0.02","0"
"Wed Sep 11 2024 13:40:00 GMT+0530 (India Standard Time)","51119.90","51137.45","51098.80","51109.60","-0.03","-0.03","0"
"Wed Sep 11 2024 13:45:00 GMT+0530 (India Standard Time)","51108.20","51125.50","51077.05","51111.15","0","0","0"
"Wed Sep 11 2024 13:50:00 GMT+0530 (India Standard Time)","51110.05","51129.30","51091.90","51107.80","-0.01","-0.01","0"
"Wed Sep 11 2024 13:55:00 GMT+0530 (India Standard Time)","51108.85","51117.20","51074.05","51079.20","-0.06","-0.06","0"
"Wed Sep 11 2024 14:00:00 GMT+0530 (India Standard Time)","51076.70","51093.10","51043.90","51058.30","-0.04","-0.04","0"
"Wed Sep 11 2024 14:05:00 GMT+0530 (India Standard Time)","51058.35","51076.15","51031.60","51072.55","0.03","0.03","0"
"Wed Sep 11 2024 14:10:00 GMT+0530 (India Standard Time)","51068.55","51075.95","51038.95","51050.15","-0.04","-0.05","0"
"Wed Sep 11 2024 14:15:00 GMT+0530 (India Standard Time)","51048.60","51081.20","51036.55","51059.55","0.02","0.02","0"
"Wed Sep 11 2024 14:20:00 GMT+0530 (India Standard Time)","51060.50","51078.95","51040.35","51058.00","0","0","0"
"Wed Sep 11 2024 14:25:00 GMT+0530 (India Standard Time)","51060.30","51080.50","51047.85","51065.20","0.01","0.01","0"
"Wed Sep 11 2024 14:30:00 GMT+0530 (India Standard Time)","51063.75","51103.20","51049.25","51066.00","0","0","0"
"Wed Sep 11 2024 14:35:00 GMT+0530 (India Standard Time)","51061.15","51084.80","51044.15","51076.70","0.02","0.02","0"
"Wed Sep 11 2024 14:40:00 GMT+0530 (India Standard Time)","51075.70","51088.40","51047.40","51054.10","-0.04","-0.05","0"
"Wed Sep 11 2024 14:45:00 GMT+0530 (India Standard Time)","51055.65","51064.15","51037.45","51052.20","0","-0.01","0"
"Wed Sep 11 2024 14:50:00 GMT+0530 (India Standard Time)","51052.85","51074.50","51037.05","51045.30","-0.01","-0.02","0"
"Wed Sep 11 2024 14:55:00 GMT+0530 (India Standard Time)","51052.60","51052.60","50959.20","50988.15","-0.11","-0.11","0"
"Wed Sep 11 2024 15:00:00 GMT+0530 (India Standard Time)","50987.70","51025.60","50949.65","50978.75","-0.02","-0.02","0"
"Wed Sep 11 2024 15:05:00 GMT+0530 (India Standard Time)","50984.45","51037.85","50972.60","51006.85","0.06","0.05","0"
"Wed Sep 11 2024 15:10:00 GMT+0530 (India Standard Time)","51006.85","51009.85","50960.55","50962.10","-0.09","-0.09","0"
"Wed Sep 11 2024 15:15:00 GMT+0530 (India Standard Time)","50968.90","51023.05","50947.70","51002.55","0.08","0.08","0"
"Wed Sep 11 2024 15:20:00 GMT+0530 (India Standard Time)","51002.70","51063.25","50978.10","51032.15","0.06","0.06","0"
"Wed Sep 11 2024 15:25:00 GMT+0530 (India Standard Time)","51031.20","51094.50","51006.55","51094.50","0.12","0.12","0"
"Thu Sep 12 2024 09:15:00 GMT+0530 (India Standard Time)","51271.00","51271.00","51125.75","51228.60","0.26","0.26","0"
"Thu Sep 12 2024 09:20:00 GMT+0530 (India Standard Time)","51229.75","51250.05","51201.50","51244.85","0.03","0.03","0"
"Thu Sep 12 2024 09:25:00 GMT+0530 (India Standard Time)","51246.00","51307.05","51246.00","51287.25","0.08","0.08","0"
"Thu Sep 12 2024 09:30:00 GMT+0530 (India Standard Time)","51285.65","51304.50","51198.20","51229.30","-0.11","-0.11","0"
"Thu Sep 12 2024 09:35:00 GMT+0530 (India Standard Time)","51230.25","51238.05","51146.40","51148.40","-0.16","-0.16","0"
"Thu Sep 12 2024 09:40:00 GMT+0530 (India Standard Time)","51147.30","51269.30","51147.30","51266.55","0.23","0.23","0"
"Thu Sep 12 2024 09:45:00 GMT+0530 (India Standard Time)","51267.55","51271.05","51216.65","51226.20","-0.08","-0.08","0"
"Thu Sep 12 2024 09:50:00 GMT+0530 (India Standard Time)","51226.25","51243.85","51171.20","51171.20","-0.11","-0.11","0"
"Thu Sep 12 2024 09:55:00 GMT+0530 (India Standard Time)","51168.60","51207.30","51116.65","51143.75","-0.05","-0.06","0"
"Thu Sep 12 2024 10:00:00 GMT+0530 (India Standard Time)","51136.50","51182.40","51115.25","51180.50","0.07","0.07","0"
"Thu Sep 12 2024 10:05:00 GMT+0530 (India Standard Time)","51175.10","51220.90","51175.10","51210.75","0.06","0.06","0"
"Thu Sep 12 2024 10:10:00 GMT+0530 (India Standard Time)","51206.65","51225.30","51172.75","51176.55","-0.07","-0.07","0"
"Thu Sep 12 2024 10:15:00 GMT+0530 (India Standard Time)","51175.60","51188.00","51114.05","51136.25","-0.08","-0.08","0"
"Thu Sep 12 2024 10:20:00 GMT+0530 (India Standard Time)","51134.60","51177.90","51118.20","51151.10","0.03","0.03","0"
"Thu Sep 12 2024 10:25:00 GMT+0530 (India Standard Time)","51149.80","51175.95","51128.40","51147.65","-0.01","-0.01","0"
"Thu Sep 12 2024 10:30:00 GMT+0530 (India Standard Time)","51147.10","51167.20","51099.15","51155.85","0.02","0.01","0"
"Thu Sep 12 2024 10:35:00 GMT+0530 (India Standard Time)","51154.65","51210.40","51147.90","51207.80","0.10","0.10","0"
"Thu Sep 12 2024 10:40:00 GMT+0530 (India Standard Time)","51206.60","51208.45","51130.15","51139.95","-0.13","-0.13","0"
"Thu Sep 12 2024 10:45:00 GMT+0530 (India Standard Time)","51140.55","51155.70","51111.00","51113.70","-0.05","-0.05","0"
"Thu Sep 12 2024 10:50:00 GMT+0530 (India Standard Time)","51114.90","51170.35","51103.00","51113.50","0","0","0"
"Thu Sep 12 2024 10:55:00 GMT+0530 (India Standard Time)","51108.70","51163.40","51091.75","51159.55","0.09","0.09","0"
"Thu Sep 12 2024 11:00:00 GMT+0530 (India Standard Time)","51159.40","51181.80","51136.70","51141.10","-0.04","-0.04","0"
"Thu Sep 12 2024 11:05:00 GMT+0530 (India Standard Time)","51138.50","51197.60","51125.65","51197.60","0.11","0.11","0"
"Thu Sep 12 2024 11:10:00 GMT+0530 (India Standard Time)","51198.25","51202.65","51158.05","51173.70","-0.05","-0.05","0"
"Thu Sep 12 2024 11:15:00 GMT+0530 (India Standard Time)","51175.50","51198.25","51163.25","51181.80","0.02","0.01","0"
"Thu Sep 12 2024 11:20:00 GMT+0530 (India Standard Time)","51183.55","51224.45","51158.75","51160.40","-0.04","-0.04","0"
"Thu Sep 12 2024 11:25:00 GMT+0530 (India Standard Time)","51158.70","51163.70","51025.00","51080.15","-0.16","-0.16","0"
"Thu Sep 12 2024 11:30:00 GMT+0530 (India Standard Time)","51086.20","51155.70","51077.25","51142.60","0.12","0.12","0"
"Thu Sep 12 2024 11:35:00 GMT+0530 (India Standard Time)","51142.10","51214.90","51130.70","51188.00","0.09","0.09","0"
"Thu Sep 12 2024 11:40:00 GMT+0530 (India Standard Time)","51191.95","51215.45","51177.10","51204.25","0.03","0.03","0"
"Thu Sep 12 2024 11:45:00 GMT+0530 (India Standard Time)","51200.50","51225.25","51152.10","51155.70","-0.09","-0.10","0"
"Thu Sep 12 2024 11:50:00 GMT+0530 (India Standard Time)","51150.35","51173.20","51128.20","51149.75","-0.01","-0.01","0"
"Thu Sep 12 2024 11:55:00 GMT+0530 (India Standard Time)","51152.95","51200.55","51140.75","51189.25","0.08","0.08","0"
"Thu Sep 12 2024 12:00:00 GMT+0530 (India Standard Time)","51190.90","51213.65","51175.35","51178.80","-0.02","-0.02","0"
"Thu Sep 12 2024 12:05:00 GMT+0530 (India Standard Time)","51179.25","51197.25","51152.90","51191.65","0.03","0.02","0"
"Thu Sep 12 2024 12:10:00 GMT+0530 (India Standard Time)","51188.85","51208.90","51180.30","51201.15","0.02","0.02","0"
"Thu Sep 12 2024 12:15:00 GMT+0530 (India Standard Time)","51201.55","51215.55","51183.75","51197.50","-0.01","-0.01","0"
"Thu Sep 12 2024 12:20:00 GMT+0530 (India Standard Time)","51198.30","51202.45","51116.90","51141.70","-0.11","-0.11","0"
"Thu Sep 12 2024 12:25:00 GMT+0530 (India Standard Time)","51139.60","51196.10","51126.00","51175.90","0.07","0.07","0"
"Thu Sep 12 2024 12:30:00 GMT+0530 (India Standard Time)","51179.00","51189.00","51118.65","51150.95","-0.05","-0.05","0"
"Thu Sep 12 2024 12:35:00 GMT+0530 (India Standard Time)","51149.25","51200.50","51142.40","51181.10","0.06","0.06","0"
"Thu Sep 12 2024 12:40:00 GMT+0530 (India Standard Time)","51179.05","51216.40","51160.50","51205.45","0.05","0.05","0"
"Thu Sep 12 2024 12:45:00 GMT+0530 (India Standard Time)","51203.85","51207.50","51140.15","51154.10","-0.10","-0.10","0"
"Thu Sep 12 2024 12:50:00 GMT+0530 (India Standard Time)","51154.75","51178.65","51144.20","51174.90","0.04","0.04","0"
"Thu Sep 12 2024 12:55:00 GMT+0530 (India Standard Time)","51172.10","51198.15","51152.20","51198.15","0.05","0.04","0"
"Thu Sep 12 2024 13:00:00 GMT+0530 (India Standard Time)","51196.80","51214.70","51177.90","51210.55","0.02","0.02","0"
"Thu Sep 12 2024 13:05:00 GMT+0530 (India Standard Time)","51211.30","51239.75","51167.65","51185.00","-0.05","-0.05","0"
"Thu Sep 12 2024 13:10:00 GMT+0530 (India Standard Time)","51184.75","51215.55","51168.00","51187.90","0.01","0","0"
"Thu Sep 12 2024 13:15:00 GMT+0530 (India Standard Time)","51188.05","51217.05","51167.65","51180.00","-0.02","-0.02","0"
"Thu Sep 12 2024 13:20:00 GMT+0530 (India Standard Time)","51182.10","51250.75","51175.80","51233.10","0.10","0.10","0"
"Thu Sep 12 2024 13:25:00 GMT+0530 (India Standard Time)","51232.35","51258.95","51214.00","51223.70","-0.02","-0.02","0"
"Thu Sep 12 2024 13:30:00 GMT+0530 (India Standard Time)","51223.80","51234.60","51182.70","51198.55","-0.05","-0.05","0"
"Thu Sep 12 2024 13:35:00 GMT+0530 (India Standard Time)","51197.80","51245.55","51189.05","51241.95","0.08","0.08","0"
"Thu Sep 12 2024 13:40:00 GMT+0530 (India Standard Time)","51241.70","51255.60","51221.85","51249.50","0.01","0.01","0"
"Thu Sep 12 2024 13:45:00 GMT+0530 (India Standard Time)","51249.30","51274.45","51240.45","51268.90","0.04","0.04","0"
"Thu Sep 12 2024 13:50:00 GMT+0530 (India Standard Time)","51265.45","51269.50","51243.25","51247.40","-0.04","-0.04","0"
"Thu Sep 12 2024 13:55:00 GMT+0530 (India Standard Time)","51247.85","51291.75","51243.80","51276.95","0.06","0.06","0"
"Thu Sep 12 2024 14:00:00 GMT+0530 (India Standard Time)","51280.05","51410.25","51268.00","51410.25","0.26","0.26","0"
"Thu Sep 12 2024 14:05:00 GMT+0530 (India Standard Time)","51408.70","51503.50","51408.70","51491.15","0.16","0.16","0"
"Thu Sep 12 2024 14:10:00 GMT+0530 (India Standard Time)","51493.35","51549.85","51481.60","51518.10","0.05","0.05","0"
"Thu Sep 12 2024 14:15:00 GMT+0530 (India Standard Time)","51516.55","51578.35","51514.55","51553.10","0.07","0.07","0"
"Thu Sep 12 2024 14:20:00 GMT+0530 (India Standard Time)","51555.00","51621.80","51533.95","51587.05","0.07","0.06","0"
"Thu Sep 12 2024 14:25:00 GMT+0530 (India Standard Time)","51583.75","51603.80","51556.85","51593.55","0.01","0.01","0"
"Thu Sep 12 2024 14:30:00 GMT+0530 (India Standard Time)","51592.60","51613.95","51551.75","51582.05","-0.02","-0.02","0"
"Thu Sep 12 2024 14:35:00 GMT+0530 (India Standard Time)","51580.35","51586.35","51549.10","51559.25","-0.04","-0.05","0"
"Thu Sep 12 2024 14:40:00 GMT+0530 (India Standard Time)","51559.10","51584.25","51541.35","51566.20","0.01","0.01","0"
"Thu Sep 12 2024 14:45:00 GMT+0530 (India Standard Time)","51566.75","51642.10","51553.20","51605.45","0.08","0.07","0"
"Thu Sep 12 2024 14:50:00 GMT+0530 (India Standard Time)","51606.40","51646.20","51590.95","51620.45","0.03","0.03","0"
"Thu Sep 12 2024 14:55:00 GMT+0530 (India Standard Time)","51621.75","51632.40","51596.35","51627.85","0.01","0.01","0"
"Thu Sep 12 2024 15:00:00 GMT+0530 (India Standard Time)","51624.50","51817.65","51624.50","51815.75","0.36","0.36","0"
"Thu Sep 12 2024 15:05:00 GMT+0530 (India Standard Time)","51815.40","51855.25","51787.25","51836.65","0.04","0.04","0"
"Thu Sep 12 2024 15:10:00 GMT+0530 (India Standard Time)","51836.35","51878.10","51821.30","51855.05","0.04","0.03","0"
"Thu Sep 12 2024 15:15:00 GMT+0530 (India Standard Time)","51849.10","51854.85","51709.30","51721.90","-0.26","-0.26","0"
"Thu Sep 12 2024 15:20:00 GMT+0530 (India Standard Time)","51722.05","51729.00","51677.90","51715.55","-0.01","-0.01","0"
"Thu Sep 12 2024 15:25:00 GMT+0530 (India Standard Time)","51718.80","51734.05","51635.65","51668.05","-0.09","-0.09","0"
"Fri Sep 13 2024 09:15:00 GMT+0530 (India Standard Time)","51952.55","51952.55","51716.70","51773.05","0.20","0.20","0"
"Fri Sep 13 2024 09:20:00 GMT+0530 (India Standard Time)","51770.45","51796.70","51709.70","51713.70","-0.11","-0.12","0"
"Fri Sep 13 2024 09:25:00 GMT+0530 (India Standard Time)","51711.15","51752.80","51699.55","51730.45","0.03","0.03","0"
"Fri Sep 13 2024 09:30:00 GMT+0530 (India Standard Time)","51726.70","51735.75","51643.95","51728.55","0","-0.01","0"
"Fri Sep 13 2024 09:35:00 GMT+0530 (India Standard Time)","51726.15","51799.95","51702.15","51732.45","0.01","0.01","0"
"Fri Sep 13 2024 09:40:00 GMT+0530 (India Standard Time)","51732.50","51750.15","51704.65","51741.40","0.02","0.02","0"
"Fri Sep 13 2024 09:45:00 GMT+0530 (India Standard Time)","51744.90","51765.95","51715.35","51725.85","-0.03","-0.03","0"
"Fri Sep 13 2024 09:50:00 GMT+0530 (India Standard Time)","51724.55","51733.30","51676.95","51678.45","-0.09","-0.09","0"
"Fri Sep 13 2024 09:55:00 GMT+0530 (India Standard Time)","51679.55","51718.85","51679.10","51689.40","0.02","0.02","0"
"Fri Sep 13 2024 10:00:00 GMT+0530 (India Standard Time)","51695.45","51749.65","51688.75","51721.75","0.06","0.06","0"
"Fri Sep 13 2024 10:05:00 GMT+0530 (India Standard Time)","51724.25","51746.20","51688.20","51697.95","-0.05","-0.05","0"
"Fri Sep 13 2024 10:10:00 GMT+0530 (India Standard Time)","51697.60","51707.20","51672.50","51679.55","-0.04","-0.04","0"
"Fri Sep 13 2024 10:15:00 GMT+0530 (India Standard Time)","51682.90","51723.25","51676.30","51714.05","0.07","0.07","0"
"Fri Sep 13 2024 10:20:00 GMT+0530 (India Standard Time)","51714.00","51743.75","51701.60","51703.10","-0.02","-0.02","0"
"Fri Sep 13 2024 10:25:00 GMT+0530 (India Standard Time)","51705.55","51731.90","51686.95","51723.00","0.04","0.04","0"
"Fri Sep 13 2024 10:30:00 GMT+0530 (India Standard Time)","51738.35","51758.15","51722.85","51736.60","0.03","0.02","0"
"Fri Sep 13 2024 10:35:00 GMT+0530 (India Standard Time)","51738.60","51776.55","51719.20","51772.00","0.07","0.07","0"
"Fri Sep 13 2024 10:40:00 GMT+0530 (India Standard Time)","51772.05","51795.10","51738.40","51758.80","-0.03","-0.03","0"
"Fri Sep 13 2024 10:45:00 GMT+0530 (India Standard Time)","51755.90","51765.10","51740.30","51751.25","-0.01","-0.02","0"
"Fri Sep 13 2024 10:50:00 GMT+0530 (India Standard Time)","51750.40","51759.30","51717.25","51749.25","0","-0.01","0"
"Fri Sep 13 2024 10:55:00 GMT+0530 (India Standard Time)","51748.40","51810.55","51742.60","51803.95","0.11","0.10","0"
"Fri Sep 13 2024 11:00:00 GMT+0530 (India Standard Time)","51804.25","51809.65","51777.15","51794.60","-0.02","-0.02","0"
"Fri Sep 13 2024 11:05:00 GMT+0530 (India Standard Time)","51795.20","51827.05","51764.75","51827.05","0.06","0.06","0"
"Fri Sep 13 2024 11:10:00 GMT+0530 (India Standard Time)","51825.15","51895.90","51816.55","51872.05","0.09","0.09","0"
"Fri Sep 13 2024 11:15:00 GMT+0530 (India Standard Time)","51872.65","51873.90","51808.05","51815.20","-0.11","-0.11","0"
"Fri Sep 13 2024 11:20:00 GMT+0530 (India Standard Time)","51817.20","51850.15","51798.70","51844.60","0.06","0.06","0"
"Fri Sep 13 2024 11:25:00 GMT+0530 (India Standard Time)","51843.35","51848.00","51798.65","51813.80","-0.06","-0.06","0"
"Fri Sep 13 2024 11:30:00 GMT+0530 (India Standard Time)","51812.95","51826.95","51771.95","51799.05","-0.03","-0.03","0"
"Fri Sep 13 2024 11:35:00 GMT+0530 (India Standard Time)","51799.25","51835.60","51794.60","51814.85","0.03","0.03","0"
"Fri Sep 13 2024 11:40:00 GMT+0530 (India Standard Time)","51814.70","51836.65","51792.90","51829.25","0.03","0.03","0"
"Fri Sep 13 2024 11:45:00 GMT+0530 (India Standard Time)","51823.75","51850.40","51816.05","51838.55","0.02","0.02","0"
"Fri Sep 13 2024 11:50:00 GMT+0530 (India Standard Time)","51840.35","51849.65","51815.45","51843.60","0.01","0.01","0"
"Fri Sep 13 2024 11:55:00 GMT+0530 (India Standard Time)","51843.45","51850.50","51822.05","51844.95","0","0","0"
"Fri Sep 13 2024 12:00:00 GMT+0530 (India Standard Time)","51846.40","51862.45","51826.35","51849.10","0.01","0.01","0"
"Fri Sep 13 2024 12:05:00 GMT+0530 (India Standard Time)","51845.00","51869.15","51838.15","51869.15","0.04","0.04","0"
"Fri Sep 13 2024 12:10:00 GMT+0530 (India Standard Time)","51864.50","51905.30","51853.85","51884.40","0.03","0.03","0"
"Fri Sep 13 2024 12:15:00 GMT+0530 (India Standard Time)","51883.35","51891.85","51840.20","51866.65","-0.03","-0.04","0"
"Fri Sep 13 2024 12:20:00 GMT+0530 (India Standard Time)","51866.05","51894.40","51856.30","51879.20","0.02","0.02","0"
"Fri Sep 13 2024 12:25:00 GMT+0530 (India Standard Time)","51883.10","51926.15","51872.95","51912.85","0.06","0.06","0"
"Fri Sep 13 2024 12:30:00 GMT+0530 (India Standard Time)","51911.95","51928.40","51894.45","51912.30","0","0","0"
"Fri Sep 13 2024 12:35:00 GMT+0530 (India Standard Time)","51918.20","51925.85","51878.90","51900.90","-0.02","-0.02","0"
"Fri Sep 13 2024 12:40:00 GMT+0530 (India Standard Time)","51901.50","51959.25","51895.70","51899.45","0","0","0"
"Fri Sep 13 2024 12:45:00 GMT+0530 (India Standard Time)","51898.55","51928.60","51854.90","51925.60","0.05","0.05","0"
"Fri Sep 13 2024 12:50:00 GMT+0530 (India Standard Time)","51920.65","51948.80","51909.85","51919.15","-0.01","-0.01","0"
"Fri Sep 13 2024 12:55:00 GMT+0530 (India Standard Time)","51922.95","51948.90","51906.25","51919.60","0","0","0"
"Fri Sep 13 2024 13:00:00 GMT+0530 (India Standard Time)","51921.00","51944.25","51908.30","51941.55","0.04","0.04","0"
"Fri Sep 13 2024 13:05:00 GMT+0530 (India Standard Time)","51942.85","51946.45","51910.50","51944.95","0.01","0","0"
"Fri Sep 13 2024 13:10:00 GMT+0530 (India Standard Time)","51943.90","51953.65","51920.70","51953.65","0.02","0.02","0"
"Fri Sep 13 2024 13:15:00 GMT+0530 (India Standard Time)","51952.20","51954.70","51848.40","51848.40","-0.20","-0.20","0"
"Fri Sep 13 2024 13:20:00 GMT+0530 (India Standard Time)","51853.70","51894.80","51850.95","51879.65","0.06","0.06","0"
"Fri Sep 13 2024 13:25:00 GMT+0530 (India Standard Time)","51878.35","51889.75","51830.85","51838.55","-0.08","-0.08","0"
"Fri Sep 13 2024 13:30:00 GMT+0530 (India Standard Time)","51836.60","51880.95","51816.95","51853.95","0.03","0.03","0"
"Fri Sep 13 2024 13:35:00 GMT+0530 (India Standard Time)","51853.60","51868.85","51822.40","51856.70","0.01","0","0"
"Fri Sep 13 2024 13:40:00 GMT+0530 (India Standard Time)","51855.30","51886.15","51849.05","51880.85","0.05","0.05","0"
"Fri Sep 13 2024 13:45:00 GMT+0530 (India Standard Time)","51878.75","51891.20","51854.20","51877.90","-0.01","-0.01","0"
"Fri Sep 13 2024 13:50:00 GMT+0530 (India Standard Time)","51878.60","51919.40","51877.05","51914.95","0.07","0.07","0"
"Fri Sep 13 2024 13:55:00 GMT+0530 (India Standard Time)","51911.35","51920.05","51881.50","51919.15","0.01","0.01","0"
"Fri Sep 13 2024 14:00:00 GMT+0530 (India Standard Time)","51919.00","51941.55","51903.80","51913.30","-0.01","-0.01","0"
"Fri Sep 13 2024 14:05:00 GMT+0530 (India Standard Time)","51913.65","51929.75","51887.85","51926.75","0.03","0.02","0"
"Fri Sep 13 2024 14:10:00 GMT+0530 (India Standard Time)","51929.45","51983.30","51925.55","51948.30","0.04","0.04","0"
"Fri Sep 13 2024 14:15:00 GMT+0530 (India Standard Time)","51950.50","51957.70","51922.85","51929.35","-0.04","-0.04","0"
"Fri Sep 13 2024 14:20:00 GMT+0530 (India Standard Time)","51929.45","51978.80","51911.75","51972.90","0.08","0.08","0"
"Fri Sep 13 2024 14:25:00 GMT+0530 (India Standard Time)","51975.40","51994.10","51955.80","51974.45","0","0","0"
"Fri Sep 13 2024 14:30:00 GMT+0530 (India Standard Time)","51973.35","51976.65","51926.80","51936.45","-0.07","-0.07","0"
"Fri Sep 13 2024 14:35:00 GMT+0530 (India Standard Time)","51939.10","51966.15","51928.05","51959.30","0.04","0.04","0"
"Fri Sep 13 2024 14:40:00 GMT+0530 (India Standard Time)","51958.75","51983.30","51938.30","51942.75","-0.03","-0.03","0"
"Fri Sep 13 2024 14:45:00 GMT+0530 (India Standard Time)","51942.15","51959.85","51929.75","51944.85","0","0","0"
"Fri Sep 13 2024 14:50:00 GMT+0530 (India Standard Time)","51949.70","51959.70","51899.90","51933.60","-0.02","-0.02","0"
"Fri Sep 13 2024 14:55:00 GMT+0530 (India Standard Time)","51932.60","51947.55","51917.60","51937.40","0.01","0.01","0"
"Fri Sep 13 2024 15:00:00 GMT+0530 (India Standard Time)","51933.65","51959.00","51872.05","51953.05","0.03","0.03","0"
"Fri Sep 13 2024 15:05:00 GMT+0530 (India Standard Time)","51950.35","51970.80","51920.05","51970.80","0.03","0.03","0"
"Fri Sep 13 2024 15:10:00 GMT+0530 (India Standard Time)","51968.10","51979.00","51934.80","51957.00","-0.03","-0.03","0"
"Fri Sep 13 2024 15:15:00 GMT+0530 (India Standard Time)","51956.75","51974.60","51915.85","51930.75","-0.05","-0.05","0"
"Fri Sep 13 2024 15:20:00 GMT+0530 (India Standard Time)","51927.90","51936.50","51904.45","51925.60","-0.01","-0.01","0"
"Fri Sep 13 2024 15:25:00 GMT+0530 (India Standard Time)","51926.65","51932.95","51879.20","51896.60","-0.06","-0.06","0"